Timestamp,Visit Date,Demographics,Tops,Collared Shirts,Sweaters,Pants,Skirts,Shorts,Dresses,Outerwear,Shoes,Accessories,Experience Rating,Did you bring donations with you today?
2025-01-17T12:07:12Z,2025-01-17T00:00:00Z,Undergraduate,1,NA,1,NA,NA,NA,1,NA,NA,1,5,No
2025-01-17T12:07:31Z,2025-01-17T00:00:00Z,Undergraduate,1,NA,NA,NA,NA,NA,1,NA,NA,1,5,No
2025-01-17T12:14:23Z,2025-01-17T00:00:00Z,Undergraduate,NA,NA,1,NA,1,NA,NA,NA,NA,NA,5,Yes
2025-01-17T12:18:12Z,2025-01-17T00:00:00Z,Undergraduate,NA,1,1,NA,NA,NA,NA,NA,NA,NA,5,No
2025-01-17T12:22:39Z,2025-01-17T00:00:00Z,Undergraduate,1,NA,NA,NA,NA,NA,1,NA,NA,1,5,No
2025-01-17T12:24:30Z,2025-01-17T00:00:00Z,Undergraduate,NA,NA,1,NA,NA,NA,NA,1,NA,NA,5,Yes
2025-01-17T12:26:17Z,2025-01-17T00:00:00Z,Graduate,4,2,2,2,NA,2,NA,2,3,1,5,Yes
2025-01-17T12:36:52Z,2025-01-17T00:00:00Z,Graduate,3,NA,NA,1,NA,NA,NA,NA,NA,NA,5,No
2025-01-17T12:52:47Z,2025-01-17T00:00:00Z,Undergraduate,1,NA,NA,NA,NA,NA,NA,NA,NA,2,5,No
2025-01-17T12:57:27Z,2025-01-17T00:00:00Z,Undergraduate,NA,2,1,NA,1,NA,1,NA,NA,2,5,Yes
2025-01-17T12:58:02Z,2025-01-17T00:00:00Z,Undergraduate,2,NA,NA,3,NA,NA,NA,NA,1,3,5,No
2025-01-17T13:06:39Z,2025-01-17T00:00:00Z,Undergraduate,NA,NA,1,NA,NA,NA,NA,NA,1,NA,5,Yes
2025-01-17T13:14:22Z,2025-01-17T00:00:00Z,Undergraduate,NA,NA,NA,1,1,NA,NA,NA,NA,1,5,No
2025-01-17T13:14:54Z,2025-01-17T00:00:00Z,Undergraduate,NA,NA,NA,NA,NA,NA,1,1,NA,2,5,No
2025-01-17T13:23:45Z,2025-01-17T00:00:00Z,Undergraduate,NA,NA,NA,1,NA,NA,NA,NA,NA,NA,5,No
2025-01-17T13:28:40Z,2025-01-17T00:00:00Z,Undergraduate,NA,NA,1,NA,NA,NA,NA,NA,NA,3,5,No
2025-01-17T13:29:35Z,2025-01-17T00:00:00Z,Undergraduate,1,NA,NA,NA,NA,NA,NA,NA,NA,NA,5,No
2025-01-17T13:45:16Z,2025-01-17T00:00:00Z,Undergraduate,2,1,NA,NA,1,NA,NA,NA,1,NA,5,No
2025-01-17T13:45:40Z,2025-01-17T00:00:00Z,Undergraduate,1,1,1,NA,NA,NA,NA,NA,2,NA,5,Donated at blue bin
2025-01-17T13:48:10Z,2025-01-17T00:00:00Z,Undergraduate,1,NA,1,NA,NA,NA,NA,NA,NA,NA,5,No
2025-01-17T13:49:14Z,2025-01-17T00:00:00Z,Undergraduate,NA,NA,NA,NA,NA,NA,NA,NA,1,1,5,No
2025-01-17T13:54:30Z,2025-01-17T00:00:00Z,Undergraduate,NA,NA,1,NA,NA,NA,NA,NA,NA,NA,5,No
2025-01-17T14:02:49Z,2025-01-17T00:00:00Z,Undergraduate,1,NA,1,NA,NA,NA,NA,NA,NA,1,4,No
2025-01-17T14:30:26Z,2025-01-17T00:00:00Z,Undergraduate,NA,NA,NA,NA,1,NA,NA,NA,NA,NA,5,Donated at blue bin
2025-01-17T14:31:14Z,2025-01-17T00:00:00Z,Undergraduate,NA,NA,3,NA,NA,NA,NA,1,NA,NA,4,Yes
2025-01-17T14:59:33Z,2025-01-17T00:00:00Z,Undergraduate,NA,NA,2,NA,NA,NA,NA,NA,NA,NA,5,Yes
2025-01-17T15:00:00Z,2025-01-17T00:00:00Z,Undergraduate,1,NA,NA,NA,NA,NA,NA,NA,NA,NA,5,Donated at blue bin
2025-01-17T15:00:54Z,2025-01-17T00:00:00Z,Undergraduate,1,NA,NA,NA,NA,NA,NA,NA,NA,NA,4,Yes
2025-01-17T15:01:18Z,2025-01-17T00:00:00Z,Undergraduate,3,NA,NA,NA,NA,NA,1,NA,NA,NA,5,Yes
2025-01-17T15:01:58Z,2025-01-17T00:00:00Z,Undergraduate,NA,NA,NA,NA,NA,NA,NA,1,NA,NA,5,Yes
2025-01-17T15:02:21Z,2025-01-17T00:00:00Z,Undergraduate,NA,NA,1,NA,NA,NA,NA,NA,NA,NA,5,No
2025-01-17T15:02:40Z,2025-01-17T00:00:00Z,Undergraduate,NA,NA,NA,1,NA,NA,NA,NA,NA,NA,5,No
2025-01-17T15:32:59Z,2025-01-17T00:00:00Z,Undergraduate,3,NA,NA,NA,NA,NA,NA,1,NA,NA,5,No
2025-01-17T15:56:37Z,2025-01-17T00:00:00Z,Graduate,2,NA,1,NA,NA,NA,NA,NA,NA,NA,5,Yes
2025-01-24T10:24:47Z,2025-01-24T00:00:00Z,Undergraduate,NA,NA,NA,1,NA,NA,NA,NA,NA,NA,5,Donated at blue bin
2025-01-24T10:25:44Z,2025-01-24T00:00:00Z,Undergraduate,NA,1,NA,NA,NA,NA,NA,NA,NA,NA,5,Donated at blue bin
2025-01-24T11:22:13Z,2025-01-24T00:00:00Z,Undergraduate,1,NA,NA,NA,NA,NA,NA,NA,2,1,5,No
2025-01-24T11:22:41Z,2025-01-24T00:00:00Z,Undergraduate,3,1,NA,1,NA,NA,NA,NA,NA,1,4,No
2025-01-24T11:23:52Z,2025-01-24T00:00:00Z,Undergraduate,2,NA,NA,NA,NA,NA,NA,NA,NA,NA,5,Donated at blue bin
2025-01-24T11:24:49Z,2025-01-24T00:00:00Z,Undergraduate,2,1,NA,NA,NA,NA,1,NA,NA,NA,5,No
2025-01-24T11:34:46Z,2025-01-24T00:00:00Z,Undergraduate,NA,2,NA,1,NA,NA,NA,1,NA,NA,5,No
2025-01-24T11:44:23Z,2025-01-24T00:00:00Z,Undergraduate,NA,NA,2,NA,NA,NA,NA,NA,NA,NA,5,No
2025-01-24T11:47:03Z,2025-01-24T00:00:00Z,Undergraduate,4,NA,NA,NA,NA,NA,NA,NA,NA,NA,5,Yes
2025-01-24T12:45:29Z,2025-01-24T00:00:00Z,Undergraduate,2,NA,NA,3,NA,NA,NA,NA,1,2,5,Yes
2025-01-24T12:46:07Z,2025-01-24T00:00:00Z,Undergraduate,NA,NA,NA,2,NA,NA,1,NA,2,NA,5,Yes
2025-01-24T12:47:05Z,2025-01-24T00:00:00Z,Graduate,NA,NA,NA,1,NA,NA,2,1,NA,1,5,No
2025-01-24T12:50:06Z,2025-01-24T00:00:00Z,Undergraduate,2,NA,NA,NA,NA,NA,1,NA,NA,NA,5,No
2025-01-24T13:02:40Z,2025-01-24T00:00:00Z,Graduate,3,NA,1,NA,NA,NA,NA,1,NA,1,5,No
2025-01-24T13:07:49Z,2025-01-24T00:00:00Z,Undergraduate,1,NA,1,1,1,NA,1,NA,NA,NA,5,Donated at blue bin
2025-01-24T13:22:18Z,2025-01-24T00:00:00Z,Undergraduate,1,NA,1,NA,NA,NA,NA,NA,NA,NA,5,Yes
2025-01-24T13:22:43Z,2025-01-24T00:00:00Z,Undergraduate,2,NA,NA,NA,NA,NA,NA,1,NA,NA,5,Yes
2025-01-24T13:25:13Z,2025-01-24T00:00:00Z,Undergraduate,NA,NA,NA,1,NA,NA,NA,NA,NA,NA,3,Yes
2025-01-24T13:25:23Z,2025-01-24T00:00:00Z,Undergraduate,3,NA,NA,NA,NA,NA,NA,NA,NA,NA,5,Yes
2025-01-24T13:38:17Z,2025-01-24T00:00:00Z,Undergraduate,NA,NA,NA,1,NA,NA,NA,NA,NA,NA,5,Yes
2025-01-24T13:43:44Z,2025-01-24T00:00:00Z,Undergraduate,NA,NA,NA,NA,NA,NA,NA,NA,NA,1,5,No
2025-01-24T13:51:51Z,2025-01-24T00:00:00Z,Undergraduate,NA,NA,1,NA,NA,1,1,NA,NA,NA,5,No
2025-01-24T13:51:56Z,2025-01-24T00:00:00Z,Undergraduate,NA,NA,4,NA,NA,NA,NA,NA,NA,NA,5,No
2025-01-24T13:55:34Z,2025-01-24T00:00:00Z,Undergraduate,NA,NA,1,NA,1,NA,NA,NA,1,NA,5,Yes
2025-01-24T13:55:57Z,2025-01-24T00:00:00Z,Undergraduate,1,1,1,1,NA,NA,1,NA,NA,NA,5,Yes
2025-01-24T14:10:21Z,2025-01-24T00:00:00Z,Undergraduate,4,4,4,4,4,4,4,4,4,8,4,Donated at blue bin
2025-01-24T14:11:34Z,2025-01-24T00:00:00Z,Undergraduate,2,1,NA,NA,NA,NA,NA,NA,NA,1,5,Donated at blue bin
2025-01-24T14:12:40Z,2025-01-24T00:00:00Z,Undergraduate,3,NA,2,NA,1,NA,NA,NA,NA,NA,5,No
2025-01-24T14:13:04Z,2025-01-24T00:00:00Z,Undergraduate,4,NA,2,7,NA,NA,NA,1,NA,3,5,No
2025-01-24T15:23:12Z,2025-01-24T00:00:00Z,Undergraduate,NA,NA,NA,NA,NA,NA,NA,NA,NA,2,5,No
2025-01-24T15:41:23Z,2025-01-24T00:00:00Z,Undergraduate,1,NA,NA,1,NA,NA,NA,NA,NA,NA,5,No
2025-01-24T15:48:37Z,2025-01-24T00:00:00Z,Graduate,2,NA,2,NA,NA,NA,NA,NA,NA,NA,5,No
2025-01-24T15:51:56Z,2025-01-24T00:00:00Z,Graduate,NA,NA,NA,2,NA,NA,NA,NA,NA,NA,5,Yes
2025-01-31T10:41:33Z,2025-01-31T00:00:00Z,Undergraduate,NA,NA,2,NA,NA,NA,NA,NA,NA,NA,5,No
2025-01-31T15:32:11Z,2025-01-31T00:00:00Z,Undergraduate,1,NA,NA,NA,NA,NA,2,NA,NA,NA,5,No
2025-01-31T10:49:48Z,2025-01-31T00:00:00Z,Undergraduate,NA,NA,1,NA,NA,NA,1,NA,NA,NA,5,No
2025-01-31T11:00:29Z,2025-01-31T00:00:00Z,Undergraduate,1,NA,1,1,NA,NA,NA,NA,NA,NA,5,Yes
2025-01-31T11:01:57Z,2025-01-31T00:00:00Z,Undergraduate,NA,NA,NA,NA,NA,NA,NA,NA,NA,1,5,Yes
2025-01-31T11:08:00Z,2025-01-31T00:00:00Z,Undergraduate,NA,NA,1,NA,NA,NA,NA,NA,NA,NA,5,No
2025-01-31T11:26:16Z,2025-01-31T00:00:00Z,Undergraduate,NA,3,NA,NA,1,NA,1,NA,NA,NA,5,Donated at blue bin
2025-01-31T11:27:31Z,2025-01-31T00:00:00Z,Undergraduate,1,NA,NA,NA,NA,NA,1,NA,NA,1,5,No
2025-01-31T11:35:40Z,2025-01-31T00:00:00Z,Graduate,NA,NA,NA,NA,1,NA,NA,NA,NA,NA,5,No
2025-01-31T12:40:06Z,2025-01-31T00:00:00Z,Undergraduate,1,NA,NA,NA,NA,NA,NA,NA,NA,NA,5,Donated at blue bin
2025-01-31T12:41:04Z,2025-01-31T00:00:00Z,Undergraduate,NA,1,NA,NA,NA,NA,NA,NA,NA,NA,5,Yes
2025-01-31T12:51:18Z,2025-01-31T00:00:00Z,Undergraduate,NA,1,NA,1,NA,NA,NA,NA,NA,NA,5,Yes
2025-01-31T12:58:22Z,2025-01-31T00:00:00Z,Undergraduate,1,NA,1,NA,1,NA,NA,NA,NA,NA,5,No
2025-01-31T12:59:30Z,2025-01-31T00:00:00Z,Undergraduate,1,NA,NA,NA,1,NA,NA,NA,1,NA,5,No
2025-01-31T12:59:56Z,2025-01-31T00:00:00Z,Undergraduate,NA,NA,NA,NA,NA,NA,1,NA,NA,NA,5,No
2025-01-31T13:07:27Z,2025-01-31T00:00:00Z,Graduate,1,NA,NA,1,NA,NA,2,NA,NA,1,5,Yes
2025-01-31T13:13:43Z,2025-01-31T00:00:00Z,Undergraduate,1,NA,NA,NA,NA,NA,NA,NA,NA,1,5,Donated at blue bin
2025-01-31T13:15:24Z,2025-01-31T00:00:00Z,Undergraduate,1,NA,NA,NA,NA,NA,NA,NA,NA,NA,5,No
2025-01-31T13:16:23Z,2025-01-31T00:00:00Z,Non-GW-affiliated community member,NA,NA,NA,NA,NA,NA,NA,NA,1,NA,5,No
2025-01-31T13:17:24Z,2025-01-31T00:00:00Z,Undergraduate,NA,NA,NA,1,NA,NA,NA,1,NA,NA,5,No
2025-01-31T13:28:55Z,2025-01-31T00:00:00Z,Undergraduate,NA,NA,NA,NA,1,NA,NA,NA,NA,NA,5,No
2025-01-31T13:29:39Z,2025-01-31T00:00:00Z,Undergraduate,1,NA,NA,NA,1,NA,2,NA,NA,NA,5,No
2025-01-31T13:37:08Z,2025-01-31T00:00:00Z,Undergraduate,1,NA,NA,NA,NA,NA,NA,NA,NA,1,5,No
2025-01-31T13:38:19Z,2025-01-31T00:00:00Z,Undergraduate,1,NA,NA,NA,NA,NA,NA,NA,NA,NA,5,Yes
2025-01-31T14:18:01Z,2025-01-31T00:00:00Z,Graduate,NA,NA,NA,NA,NA,NA,NA,1,NA,NA,5,Yes
2025-01-31T14:44:26Z,2025-01-31T00:00:00Z,Undergraduate,NA,2,NA,NA,NA,NA,NA,NA,NA,NA,5,No
2025-01-31T14:56:22Z,2025-01-31T00:00:00Z,Undergraduate,NA,NA,1,1,NA,NA,NA,NA,NA,NA,5,Yes
2025-01-31T14:58:26Z,2025-01-31T00:00:00Z,Undergraduate,NA,NA,1,1,1,NA,NA,NA,NA,NA,5,No
2025-01-31T15:03:08Z,2025-01-31T00:00:00Z,Undergraduate,NA,NA,2,NA,NA,NA,NA,NA,NA,NA,5,No
2025-01-31T15:05:33Z,2025-01-31T00:00:00Z,Undergraduate,NA,NA,NA,NA,1,NA,NA,NA,NA,NA,5,Yes
2025-01-31T15:09:16Z,2025-01-31T00:00:00Z,Undergraduate,7,NA,1,1,NA,1,1,NA,1,NA,5,Yes
2025-01-31T15:14:25Z,2025-01-31T00:00:00Z,Undergraduate,NA,NA,1,NA,NA,NA,NA,NA,NA,NA,5,No
2025-01-31T15:20:23Z,2025-01-31T00:00:00Z,Undergraduate,2,NA,NA,NA,NA,NA,NA,NA,NA,NA,5,No
2025-01-31T15:28:33Z,2025-01-31T00:00:00Z,Graduate,2,1,1,2,NA,NA,NA,NA,1,NA,5,No
2025-01-31T15:31:58Z,2025-01-31T00:00:00Z,Undergraduate,NA,NA,1,NA,NA,NA,NA,NA,NA,NA,3,No
2025-01-31T15:35:03Z,2025-01-31T00:00:00Z,Undergraduate,NA,1,NA,NA,NA,NA,NA,NA,NA,NA,5,No
2025-01-31T15:41:38Z,2025-01-31T00:00:00Z,Undergraduate,NA,1,NA,NA,NA,NA,1,2,NA,2,5,No
2025-01-31T15:47:38Z,2025-01-31T00:00:00Z,Undergraduate,2,NA,NA,NA,NA,NA,1,NA,NA,NA,5,No
2025-01-31T15:50:24Z,2025-01-31T00:00:00Z,Undergraduate,NA,1,1,NA,NA,NA,NA,NA,1,NA,5,Yes
2025-01-31T16:00:09Z,2025-01-31T00:00:00Z,Staff,3,NA,NA,NA,NA,NA,NA,NA,NA,NA,5,No
2025-01-31T16:00:54Z,2025-01-31T00:00:00Z,Staff,2,NA,NA,NA,NA,NA,1,NA,NA,NA,5,No
2025-02-07T12:31:48Z,2025-02-07T00:00:00Z,Undergraduate,1,NA,NA,NA,NA,NA,1,NA,NA,NA,5,No
2025-02-07T10:37:07Z,2025-02-07T00:00:00Z,Undergraduate,2,NA,NA,2,NA,NA,NA,NA,NA,NA,5,Yes
2025-02-07T10:37:44Z,2025-02-07T00:00:00Z,Undergraduate,1,NA,NA,NA,1,NA,1,NA,NA,NA,5,Yes
2025-02-07T10:44:32Z,2025-02-07T00:00:00Z,Undergraduate,NA,NA,NA,2,NA,NA,NA,NA,NA,NA,4,No
2025-02-07T11:28:10Z,2025-02-07T00:00:00Z,Undergraduate,1,NA,NA,1,NA,NA,NA,NA,NA,NA,5,No
2025-02-07T11:32:53Z,2025-02-07T00:00:00Z,Undergraduate,2,2,1,1,1,1,1,1,1,1,5,Yes
2025-02-07T12:08:45Z,2025-02-07T00:00:00Z,Graduate,1,NA,NA,NA,NA,NA,NA,1,NA,NA,5,No
2025-02-07T12:31:27Z,2025-02-07T00:00:00Z,Undergraduate,1,NA,1,NA,NA,NA,NA,NA,NA,NA,3,No
2025-02-07T12:43:43Z,2025-02-07T00:00:00Z,Undergraduate,NA,NA,NA,1,NA,NA,NA,NA,NA,NA,5,No
2025-02-07T13:10:22Z,2025-02-07T00:00:00Z,Graduate,3,NA,1,1,NA,NA,NA,NA,NA,NA,5,Yes
2025-02-07T13:19:22Z,2025-02-07T00:00:00Z,Undergraduate,1,NA,1,NA,NA,NA,NA,NA,NA,NA,5,Yes
2025-02-07T14:11:37Z,2025-02-07T00:00:00Z,Undergraduate,NA,NA,NA,NA,NA,NA,1,NA,NA,NA,5,Yes
2025-02-07T14:20:00Z,2025-02-07T00:00:00Z,Undergraduate,NA,NA,NA,1,NA,NA,NA,NA,NA,NA,5,Yes
2025-02-07T14:21:32Z,2025-02-07T00:00:00Z,Undergraduate,NA,NA,NA,1,NA,NA,NA,NA,1,NA,5,No
2025-02-07T14:24:18Z,2025-02-07T00:00:00Z,Undergraduate,1,NA,1,NA,1,NA,NA,NA,NA,NA,5,Yes
2025-02-07T14:30:31Z,2025-02-07T00:00:00Z,Undergraduate,NA,NA,1,NA,NA,NA,2,NA,NA,NA,5,No
2025-02-07T14:58:23Z,2025-02-07T00:00:00Z,Undergraduate,3,1,NA,NA,NA,NA,NA,NA,NA,1,5,Yes
2025-02-07T14:59:20Z,2025-02-07T00:00:00Z,Undergraduate,1,NA,1,NA,NA,1,NA,NA,NA,NA,4,Yes
2025-02-07T15:00:23Z,2025-02-07T00:00:00Z,Graduate,2,NA,1,NA,NA,NA,NA,NA,NA,1,5,Donated at blue bin
2025-02-07T15:01:04Z,2025-02-07T00:00:00Z,Graduate,1,NA,NA,NA,NA,NA,NA,2,NA,2,5,No
2025-02-07T15:07:00Z,2025-02-07T00:00:00Z,Undergraduate,2,NA,NA,NA,NA,NA,NA,NA,NA,NA,5,No
2025-02-07T15:07:25Z,2025-02-07T00:00:00Z,Undergraduate,1,NA,NA,NA,NA,NA,1,NA,NA,NA,5,No
2025-02-07T15:20:36Z,2025-02-07T00:00:00Z,Undergraduate,1,NA,1,NA,NA,NA,NA,NA,NA,NA,5,No
2025-02-07T15:32:35Z,2025-02-07T00:00:00Z,Undergraduate,NA,1,NA,NA,NA,NA,NA,NA,NA,1,5,No
2025-02-07T15:37:40Z,2025-02-07T00:00:00Z,Undergraduate,3,1,1,3,NA,2,NA,1,NA,NA,5,Yes
2025-02-07T15:38:27Z,2025-02-07T00:00:00Z,Undergraduate,NA,NA,NA,NA,NA,NA,NA,NA,NA,2,5,Yes
2025-02-07T15:40:22Z,2025-02-07T00:00:00Z,Undergraduate,1,NA,NA,NA,NA,NA,NA,NA,NA,NA,5,No
2025-02-14T11:29:45Z,2025-02-14T00:00:00Z,Undergraduate,NA,NA,1,NA,1,NA,NA,NA,NA,NA,4,Yes
2025-02-14T11:30:22Z,2025-02-14T00:00:00Z,Undergraduate,NA,NA,1,NA,NA,NA,NA,NA,NA,3,5,No
2025-02-14T11:33:13Z,2025-02-14T00:00:00Z,Graduate,1,NA,3,NA,NA,NA,1,NA,1,NA,5,Yes
2025-02-14T12:15:01Z,2025-02-14T00:00:00Z,Undergraduate,1,NA,NA,3,NA,NA,1,NA,NA,NA,5,No
2025-02-14T12:20:38Z,2025-02-14T00:00:00Z,Undergraduate,4,NA,NA,NA,NA,NA,1,NA,NA,NA,5,No
2025-02-14T12:34:39Z,2025-02-14T00:00:00Z,Undergraduate,3,NA,2,1,NA,NA,1,NA,NA,1,5,Yes
2025-02-14T12:36:07Z,2025-02-14T00:00:00Z,Undergraduate,NA,1,NA,1,NA,NA,NA,NA,NA,NA,5,No
2025-02-14T13:03:07Z,2025-02-14T00:00:00Z,Undergraduate,4,NA,1,1,NA,NA,NA,NA,NA,NA,5,Yes
2025-02-14T13:04:17Z,2025-02-14T00:00:00Z,Graduate,3,NA,1,3,NA,NA,NA,NA,NA,2,5,Yes
2025-02-14T13:16:14Z,2025-02-14T00:00:00Z,Undergraduate,2,NA,3,NA,NA,NA,NA,NA,NA,NA,5,Yes
2025-02-14T13:17:08Z,2025-02-14T00:00:00Z,Graduate,NA,NA,NA,1,NA,NA,1,NA,NA,NA,5,Donated at blue bin
2025-02-14T13:36:10Z,2025-02-14T00:00:00Z,Undergraduate,1,NA,NA,NA,NA,NA,1,NA,NA,NA,5,Yes
2025-02-14T13:38:39Z,2025-02-14T00:00:00Z,Undergraduate,2,1,NA,NA,NA,NA,NA,NA,NA,NA,5,No
2025-02-14T13:39:49Z,2025-02-14T00:00:00Z,Undergraduate,2,NA,1,NA,NA,NA,1,NA,1,NA,5,No
2025-02-14T13:40:38Z,2025-02-14T00:00:00Z,Undergraduate,1,NA,2,1,NA,NA,NA,NA,NA,NA,5,No
2025-02-14T13:42:29Z,2025-02-14T00:00:00Z,Undergraduate,2,3,NA,NA,NA,NA,NA,NA,NA,NA,4,No
2025-02-14T13:43:18Z,2025-02-14T00:00:00Z,Undergraduate,NA,NA,NA,NA,1,NA,NA,NA,NA,NA,5,No
2025-02-14T13:44:10Z,2025-02-14T00:00:00Z,Undergraduate,NA,1,NA,NA,NA,1,NA,NA,NA,NA,5,No
2025-02-14T13:52:05Z,2025-02-14T00:00:00Z,Undergraduate,2,NA,NA,NA,2,NA,NA,NA,NA,NA,5,No
2025-02-14T14:34:22Z,2025-02-14T00:00:00Z,Undergraduate,NA,NA,NA,NA,NA,NA,NA,1,NA,NA,5,No
2025-02-14T14:48:35Z,2025-02-14T00:00:00Z,Undergraduate,4,NA,1,NA,NA,NA,NA,NA,NA,NA,5,Donated at blue bin
2025-02-14T15:00:21Z,2025-02-14T00:00:00Z,Undergraduate,3,NA,2,NA,NA,NA,1,NA,NA,NA,5,No
2025-02-14T15:08:14Z,2025-02-14T00:00:00Z,Undergraduate,NA,NA,NA,NA,NA,NA,2,NA,NA,NA,5,No
2025-02-14T15:08:48Z,2025-02-14T00:00:00Z,Undergraduate,NA,NA,1,1,NA,NA,NA,NA,NA,NA,5,Yes
2025-02-14T15:27:12Z,2025-02-14T00:00:00Z,Undergraduate,NA,1,NA,NA,NA,NA,NA,NA,NA,NA,5,No
2025-02-14T15:37:25Z,2025-02-14T00:00:00Z,Undergraduate,1,NA,NA,1,1,NA,1,NA,NA,NA,5,Donated at blue bin
2025-02-14T15:40:50Z,2025-02-14T00:00:00Z,Graduate,NA,NA,2,1,NA,NA,NA,NA,NA,1,4,Yes
2025-02-14T15:52:18Z,2025-02-14T00:00:00Z,Undergraduate,2,NA,3,NA,NA,NA,NA,NA,NA,NA,5,Donated at blue bin
2025-02-14T15:53:52Z,2025-02-14T00:00:00Z,Undergraduate,NA,NA,NA,NA,1,NA,NA,NA,NA,NA,5,Donated at blue bin
2025-02-14T15:58:56Z,2025-02-14T00:00:00Z,Undergraduate,NA,NA,NA,1,1,NA,NA,NA,NA,NA,5,Yes
2025-02-14T16:19:49Z,2025-02-14T00:00:00Z,Undergraduate,1,NA,1,3,NA,1,NA,1,1,NA,5,Donated at blue bin
2025-02-14T16:22:23Z,2025-02-14T00:00:00Z,Undergraduate,2,NA,NA,NA,NA,1,NA,NA,NA,NA,5,No
2025-02-21T10:23:08Z,2025-02-21T00:00:00Z,Undergraduate,1,NA,NA,NA,NA,NA,1,NA,NA,NA,5,Yes
2025-02-21T10:24:25Z,2025-02-21T00:00:00Z,Undergraduate,NA,NA,2,NA,NA,NA,NA,NA,NA,NA,4,Yes
2025-02-21T11:58:58Z,2025-02-21T00:00:00Z,Undergraduate,3,NA,NA,NA,NA,1,NA,NA,NA,NA,5,Yes
2025-02-21T12:29:04Z,2025-02-21T00:00:00Z,Undergraduate,NA,NA,NA,2,NA,NA,NA,NA,NA,NA,5,Yes
2025-02-21T12:32:58Z,2025-02-21T00:00:00Z,Undergraduate,2,NA,NA,NA,1,NA,NA,NA,NA,1,5,Yes
2025-02-21T12:35:24Z,2025-02-21T00:00:00Z,Undergraduate,1,NA,1,NA,NA,1,NA,NA,NA,NA,5,Yes
2025-02-21T12:46:54Z,2025-02-21T00:00:00Z,Graduate,2,NA,NA,2,1,NA,NA,NA,NA,NA,5,Yes
2025-02-21T12:51:34Z,2025-02-21T00:00:00Z,Undergraduate,2,NA,NA,NA,NA,NA,2,NA,NA,NA,5,Yes
2025-02-21T13:07:54Z,2025-02-21T00:00:00Z,Undergraduate,2,NA,NA,NA,NA,NA,1,NA,NA,NA,5,No
2025-02-21T13:12:25Z,2025-02-21T00:00:00Z,Undergraduate,2,NA,1,2,NA,NA,1,NA,NA,NA,5,Donated at blue bin
2025-02-21T13:13:32Z,2025-02-21T00:00:00Z,Undergraduate,NA,NA,NA,2,NA,NA,NA,NA,NA,NA,5,Yes
2025-02-21T13:17:17Z,2025-02-21T00:00:00Z,Undergraduate,NA,NA,NA,NA,1,NA,NA,NA,NA,NA,5,No
2025-02-21T13:38:09Z,2025-02-21T00:00:00Z,Undergraduate,NA,2,NA,NA,NA,NA,NA,1,NA,NA,5,Yes
2025-02-21T14:01:49Z,2025-02-21T00:00:00Z,Undergraduate,2,NA,1,NA,NA,NA,NA,NA,NA,3,5,Yes
2025-02-21T14:08:06Z,2025-02-21T00:00:00Z,Undergraduate,NA,NA,2,NA,NA,NA,NA,NA,NA,NA,5,No
2025-02-21T14:27:44Z,2025-02-21T00:00:00Z,Undergraduate,NA,NA,NA,1,NA,NA,NA,NA,NA,NA,5,Yes
2025-02-21T15:19:32Z,2025-02-21T00:00:00Z,Undergraduate,1,NA,1,NA,NA,NA,NA,NA,NA,NA,5,No
2025-02-21T15:20:55Z,2025-02-21T00:00:00Z,Staff,NA,NA,NA,NA,NA,NA,NA,1,NA,NA,5,No
2025-02-21T15:21:40Z,2025-02-21T00:00:00Z,Undergraduate,3,1,1,NA,NA,NA,NA,NA,NA,NA,5,No
2025-02-21T15:23:46Z,2025-02-21T00:00:00Z,Undergraduate,4,NA,NA,1,NA,NA,NA,1,1,NA,5,No
2025-02-21T15:44:01Z,2025-02-21T00:00:00Z,Graduate,1,NA,NA,NA,NA,2,1,1,NA,NA,5,Yes
2025-02-21T15:44:59Z,2025-02-21T00:00:00Z,Undergraduate,1,1,1,1,NA,NA,NA,NA,NA,NA,5,No
2025-02-21T15:48:51Z,2025-02-21T00:00:00Z,Undergraduate,NA,1,2,3,NA,NA,NA,1,1,NA,5,Donated at blue bin
2025-02-21T16:00:01Z,2025-02-21T00:00:00Z,Undergraduate,NA,NA,3,NA,NA,NA,NA,NA,NA,NA,5,No
2025-02-21T13:14:10Z,2025-02-21T00:00:00Z,Undergraduate,1,NA,2,NA,NA,NA,NA,NA,NA,NA,5,No
2025-02-21T14:08:58Z,2025-02-21T00:00:00Z,Undergraduate,1,NA,NA,NA,NA,NA,NA,NA,NA,NA,5,No
2025-02-21T14:28:38Z,2025-02-21T00:00:00Z,Undergraduate,1,NA,NA,NA,NA,NA,NA,NA,NA,NA,5,Yes
2025-02-21T15:21:37Z,2025-02-21T00:00:00Z,Undergraduate,2,2,2,NA,NA,NA,NA,NA,1,NA,5,No
2025-02-21T15:23:25Z,2025-02-21T00:00:00Z,Undergraduate,1,NA,1,NA,NA,NA,NA,NA,NA,NA,4,No
2025-02-25T15:42:41Z,2025-02-25T00:00:00Z,Graduate,1,NA,NA,1,NA,1,NA,1,NA,NA,5,No
2025-02-25T15:51:19Z,2025-02-25T00:00:00Z,Undergraduate,NA,NA,NA,1,NA,NA,NA,1,NA,NA,5,No
2025-02-25T16:28:26Z,2025-02-25T00:00:00Z,Undergraduate,4,NA,2,NA,NA,NA,NA,NA,NA,NA,5,Donated at blue bin
2025-02-25T16:29:37Z,2025-02-25T00:00:00Z,Undergraduate,2,NA,NA,2,NA,NA,1,NA,NA,NA,5,No
2025-02-25T16:31:11Z,2025-02-25T00:00:00Z,Undergraduate,1,1,NA,1,NA,NA,NA,NA,NA,NA,5,Donated at blue bin
2025-02-25T16:35:00Z,2025-02-25T00:00:00Z,Graduate,1,NA,NA,NA,1,NA,1,NA,NA,NA,5,Yes
2025-02-25T16:41:18Z,2025-02-25T00:00:00Z,Undergraduate,NA,3,NA,1,NA,NA,2,1,NA,NA,5,Donated at blue bin
2025-02-25T17:34:00Z,2025-02-25T00:00:00Z,Undergraduate,NA,1,NA,NA,1,NA,NA,NA,NA,1,5,No
2025-02-25T17:43:04Z,2025-02-25T00:00:00Z,Undergraduate,2,2,NA,4,NA,NA,NA,1,NA,NA,5,Yes
2025-02-25T17:47:39Z,2025-02-25T00:00:00Z,Undergraduate,1,NA,1,1,NA,2,NA,NA,NA,NA,5,No
2025-02-25T17:53:26Z,2025-02-25T00:00:00Z,Undergraduate,NA,NA,NA,1,3,NA,NA,NA,NA,1,5,No
2025-02-25T17:47:26Z,2025-02-25T00:00:00Z,Undergraduate,1,NA,NA,NA,NA,NA,NA,NA,NA,NA,5,Donated at blue bin
2025-02-26T17:52:39Z,2025-02-26T00:00:00Z,Graduate,NA,NA,NA,NA,NA,NA,NA,NA,NA,1,5,No
2025-02-28T10:31:52Z,2025-02-28T00:00:00Z,Undergraduate,1,NA,NA,NA,NA,NA,NA,NA,NA,NA,4,No
2025-02-28T11:14:07Z,2025-02-28T00:00:00Z,Graduate,NA,NA,NA,NA,NA,NA,NA,NA,NA,1,5,Yes
2025-02-28T11:50:13Z,2025-02-28T00:00:00Z,Undergraduate,2,NA,NA,NA,NA,NA,NA,NA,NA,NA,5,No
2025-02-28T11:51:46Z,2025-02-28T00:00:00Z,Graduate,3,NA,NA,1,NA,NA,NA,1,NA,NA,5,No
2025-02-28T11:56:11Z,2025-02-28T00:00:00Z,Graduate,4,NA,2,NA,NA,NA,NA,NA,2,NA,5,Donated at blue bin
2025-02-28T11:59:55Z,2025-02-28T00:00:00Z,Undergraduate,1,NA,NA,NA,1,1,NA,NA,NA,1,5,Yes
2025-02-28T12:01:13Z,2025-02-28T00:00:00Z,Undergraduate,1,NA,NA,1,NA,NA,NA,NA,NA,NA,5,Donated at blue bin
2025-02-28T12:04:04Z,2025-02-28T00:00:00Z,Undergraduate,NA,NA,NA,NA,NA,NA,1,NA,1,NA,5,No
2025-02-28T12:20:25Z,2025-02-28T00:00:00Z,Undergraduate,NA,NA,1,1,NA,NA,NA,1,NA,2,5,Yes
2025-02-28T12:41:02Z,2025-02-28T00:00:00Z,Undergraduate,2,NA,1,2,NA,NA,NA,NA,NA,1,5,Donated at blue bin
2025-02-28T13:01:39Z,2025-02-28T00:00:00Z,Undergraduate,1,2,NA,NA,NA,NA,NA,NA,NA,NA,5,No
2025-02-28T13:37:07Z,2025-02-28T00:00:00Z,Undergraduate,1,NA,1,1,NA,NA,NA,NA,NA,NA,5,No
2025-02-28T14:05:52Z,2025-02-28T00:00:00Z,Undergraduate,NA,2,NA,NA,NA,NA,NA,NA,NA,NA,5,No
2025-02-28T14:18:40Z,2025-02-28T00:00:00Z,Undergraduate,1,NA,NA,NA,NA,1,NA,NA,NA,NA,5,No
2025-02-28T14:48:08Z,2025-02-28T00:00:00Z,Undergraduate,NA,1,2,NA,NA,NA,2,NA,NA,1,5,Yes
2025-02-28T14:50:47Z,2025-02-28T00:00:00Z,Undergraduate,1,1,NA,2,NA,NA,1,NA,NA,NA,5,Yes
2025-02-28T15:03:20Z,2025-02-28T00:00:00Z,Undergraduate,1,NA,NA,NA,NA,NA,NA,NA,NA,NA,5,Yes
2025-02-28T15:15:43Z,2025-02-28T00:00:00Z,Undergraduate,NA,NA,NA,1,NA,NA,NA,NA,NA,NA,5,No
2025-02-28T15:21:26Z,2025-02-28T00:00:00Z,Undergraduate,2,NA,NA,NA,NA,NA,1,NA,NA,1,5,No
2025-02-28T15:29:24Z,2025-02-28T00:00:00Z,Undergraduate,NA,NA,2,NA,NA,NA,NA,NA,NA,NA,5,Yes
2025-02-28T15:30:52Z,2025-02-28T00:00:00Z,Undergraduate,1,NA,NA,NA,NA,NA,NA,NA,NA,NA,5,No
2025-02-28T15:32:10Z,2025-02-28T00:00:00Z,Undergraduate,NA,NA,NA,1,NA,NA,NA,NA,NA,NA,5,Yes
2025-02-28T15:37:20Z,2025-02-28T00:00:00Z,Undergraduate,NA,NA,3,NA,NA,NA,NA,NA,NA,NA,5,No
2025-02-28T15:38:07Z,2025-02-28T00:00:00Z,Undergraduate,NA,NA,NA,NA,NA,NA,NA,NA,1,NA,5,No
2025-02-28T15:39:37Z,2025-02-28T00:00:00Z,Undergraduate,1,NA,NA,NA,NA,NA,NA,NA,NA,NA,5,No
2025-02-28T15:40:46Z,2025-02-28T00:00:00Z,Undergraduate,NA,NA,NA,NA,NA,NA,NA,1,NA,NA,5,No
2025-02-28T15:58:40Z,2025-02-28T00:00:00Z,Undergraduate,2,1,1,4,NA,NA,NA,NA,NA,NA,5,Donated at blue bin
2025-02-28T13:25:01Z,2025-02-28T00:00:00Z,Undergraduate,NA,NA,NA,NA,2,NA,NA,1,NA,NA,5,Yes
2025-02-28T13:37:20Z,2025-02-28T00:00:00Z,Undergraduate,1,1,NA,1,NA,NA,NA,NA,NA,NA,5,No
2025-02-28T13:37:44Z,2025-02-28T00:00:00Z,Undergraduate,2,NA,NA,1,6,NA,NA,NA,NA,NA,5,No
2025-02-28T14:48:29Z,2025-02-28T00:00:00Z,Undergraduate,NA,NA,4,NA,NA,NA,1,NA,NA,1,5,Yes
2025-02-28T15:30:07Z,2025-02-28T00:00:00Z,Undergraduate,2,NA,NA,NA,NA,NA,NA,NA,NA,NA,5,Yes
2025-02-28T15:30:13Z,2025-02-28T00:00:00Z,Undergraduate,1,NA,NA,NA,NA,NA,1,NA,NA,NA,5,Yes
2025-03-01T11:36:12Z,2025-03-01T00:00:00Z,Undergraduate,NA,NA,NA,NA,NA,NA,NA,NA,NA,1,5,No
2025-03-14T10:56:47Z,2025-03-14T00:00:00Z,Graduate,1,2,NA,2,2,NA,1,1,NA,NA,5,Yes
2025-03-14T11:45:16Z,2025-03-14T00:00:00Z,Undergraduate,3,NA,NA,3,NA,NA,1,NA,NA,3,5,Yes
2025-03-14T11:47:09Z,2025-03-14T00:00:00Z,Undergraduate,2,NA,2,2,NA,NA,NA,NA,NA,NA,5,Yes
2025-03-14T15:48:20Z,2025-03-14T00:00:00Z,Undergraduate,NA,NA,NA,NA,NA,NA,NA,1,1,NA,5,Yes
2025-03-14T15:49:19Z,2025-03-14T00:00:00Z,Undergraduate,NA,NA,NA,NA,NA,NA,NA,NA,NA,1,5,Yes
2025-03-14T16:01:00Z,2025-03-14T00:00:00Z,Undergraduate,NA,1,NA,1,NA,1,2,NA,NA,1,5,Donated at blue bin
2025-03-21T12:05:34Z,2025-03-21T00:00:00Z,Undergraduate,2,1,NA,NA,NA,NA,NA,NA,NA,NA,5,No
2025-03-21T12:12:26Z,2025-03-21T00:00:00Z,Graduate,NA,1,1,NA,NA,NA,NA,NA,NA,NA,5,Yes
2025-03-21T12:27:01Z,2025-03-21T00:00:00Z,Undergraduate,NA,NA,NA,NA,NA,NA,NA,1,NA,1,5,No
2025-03-21T12:28:04Z,2025-03-21T00:00:00Z,Undergraduate,NA,1,NA,NA,NA,NA,NA,1,NA,NA,3,No
2025-03-21T12:33:42Z,2025-03-21T00:00:00Z,Graduate,NA,NA,1,NA,NA,NA,NA,NA,NA,NA,5,No
2025-03-21T12:34:55Z,2025-03-21T00:00:00Z,Graduate,NA,NA,NA,2,1,NA,NA,NA,NA,NA,5,No
2025-03-21T12:36:08Z,2025-03-21T00:00:00Z,Graduate,NA,NA,NA,NA,NA,NA,NA,1,NA,NA,5,No
2025-03-21T12:36:12Z,2025-03-21T00:00:00Z,Graduate,NA,1,NA,NA,NA,NA,NA,NA,NA,NA,5,No
2025-03-21T12:38:50Z,2025-03-21T00:00:00Z,Undergraduate,1,NA,NA,NA,NA,NA,NA,NA,NA,1,3,No
2025-03-21T12:40:25Z,2025-03-21T00:00:00Z,Graduate,NA,1,NA,NA,NA,NA,NA,NA,NA,NA,5,No
2025-03-21T13:09:53Z,2025-03-21T00:00:00Z,Staff,NA,NA,NA,NA,NA,NA,NA,2,NA,NA,5,Donated at blue bin
2025-03-21T13:17:31Z,2025-03-21T00:00:00Z,Staff,NA,NA,NA,NA,NA,NA,NA,NA,1,NA,5,No
2025-03-21T13:20:54Z,2025-03-21T00:00:00Z,Undergraduate,1,1,4,1,1,1,1,1,1,2,2,No
2025-03-21T13:32:35Z,2025-03-21T00:00:00Z,Staff,NA,NA,1,NA,NA,NA,NA,NA,NA,NA,5,Donated at blue bin
2025-03-21T13:57:56Z,2025-03-21T00:00:00Z,Undergraduate,NA,NA,1,NA,NA,NA,NA,NA,NA,NA,5,No
2025-03-21T13:58:46Z,2025-03-21T00:00:00Z,Undergraduate,NA,NA,NA,NA,NA,1,NA,NA,NA,NA,5,No
2025-03-21T14:30:36Z,2025-03-21T00:00:00Z,Undergraduate,NA,NA,1,NA,NA,NA,NA,NA,NA,NA,4,Yes
2025-03-21T14:31:12Z,2025-03-21T00:00:00Z,Undergraduate,NA,NA,NA,NA,NA,NA,1,NA,NA,NA,5,Yes
2025-03-21T14:58:52Z,2025-03-21T00:00:00Z,Undergraduate,NA,1,1,NA,NA,NA,NA,NA,NA,NA,5,Yes
2025-03-21T15:15:22Z,2025-03-21T00:00:00Z,Undergraduate,1,1,NA,NA,NA,NA,NA,NA,NA,NA,5,No
2025-03-21T15:17:23Z,2025-03-21T00:00:00Z,Graduate,2,1,NA,NA,NA,NA,NA,NA,NA,NA,5,Donated at blue bin
2025-03-21T15:17:35Z,2025-03-21T00:00:00Z,Undergraduate,NA,NA,NA,NA,NA,NA,1,NA,NA,NA,5,No
2025-03-21T15:18:33Z,2025-03-21T00:00:00Z,Undergraduate,NA,NA,NA,NA,NA,NA,1,NA,NA,NA,5,No
2025-03-21T15:18:39Z,2025-03-21T00:00:00Z,Undergraduate,NA,1,NA,NA,NA,NA,NA,NA,NA,NA,5,No
2025-03-21T15:19:35Z,2025-03-21T00:00:00Z,Graduate,NA,NA,NA,NA,NA,NA,1,NA,NA,NA,5,Donated at blue bin
2025-03-21T15:20:54Z,2025-03-21T00:00:00Z,Faculty,NA,NA,1,NA,NA,NA,1,NA,NA,NA,5,No
2025-03-21T15:21:37Z,2025-03-21T00:00:00Z,Graduate,NA,NA,1,NA,NA,NA,NA,NA,NA,NA,5,No
2025-03-21T15:42:40Z,2025-03-21T00:00:00Z,Undergraduate,NA,NA,NA,1,NA,NA,NA,NA,NA,NA,5,No
2025-03-21T15:44:58Z,2025-03-21T00:00:00Z,Non-GW-affiliated community member,NA,NA,NA,1,NA,NA,NA,NA,NA,NA,5,Yes
2025-03-21T15:46:47Z,2025-03-21T00:00:00Z,Graduate,NA,NA,NA,1,NA,NA,1,NA,NA,NA,5,No
2025-03-28T10:24:01Z,2025-03-28T00:00:00Z,Undergraduate,NA,NA,NA,NA,1,NA,NA,NA,NA,NA,5,No
2025-03-28T10:24:43Z,2025-03-28T00:00:00Z,Undergraduate,NA,NA,NA,NA,NA,NA,NA,NA,NA,NA,5,No
2025-03-28T10:41:02Z,2025-03-28T00:00:00Z,Undergraduate,NA,NA,NA,NA,NA,NA,2,NA,NA,NA,5,No
2025-03-28T10:55:11Z,2025-03-28T00:00:00Z,Graduate,3,NA,NA,2,NA,NA,NA,NA,2,NA,5,Yes
2025-03-28T11:09:33Z,2025-03-28T00:00:00Z,Undergraduate,NA,NA,NA,1,2,NA,2,NA,NA,NA,5,Donated at blue bin
2025-03-28T11:14:23Z,2025-03-28T00:00:00Z,Undergraduate,3,NA,1,NA,NA,NA,NA,NA,NA,NA,5,No
2025-03-28T11:17:31Z,2025-03-28T00:00:00Z,Undergraduate,4,NA,NA,NA,NA,NA,NA,NA,NA,NA,5,No
2025-03-28T11:47:30Z,2025-03-28T00:00:00Z,Undergraduate,4,NA,NA,NA,NA,NA,NA,NA,NA,NA,5,No
2025-03-28T11:48:23Z,2025-03-28T00:00:00Z,Undergraduate,3,1,NA,NA,2,NA,NA,1,NA,NA,5,Yes
2025-03-28T11:55:36Z,2025-03-28T00:00:00Z,Undergraduate,NA,NA,NA,NA,NA,NA,NA,2,NA,1,5,Yes
2025-03-28T12:03:37Z,2025-03-28T00:00:00Z,Undergraduate,NA,2,NA,1,NA,NA,2,NA,NA,NA,5,Yes
2025-03-28T12:05:33Z,2025-03-28T00:00:00Z,Undergraduate,1,1,2,5,NA,NA,NA,NA,NA,NA,5,Yes
2025-03-28T12:07:25Z,2025-03-28T00:00:00Z,Undergraduate,5,NA,1,NA,NA,NA,NA,NA,NA,NA,4,Yes
2025-03-28T12:28:02Z,2025-03-28T00:00:00Z,Undergraduate,3,NA,NA,NA,NA,NA,1,NA,NA,NA,5,Yes
2025-03-28T12:28:41Z,2025-03-28T00:00:00Z,Undergraduate,NA,NA,1,NA,1,NA,NA,NA,NA,NA,5,Yes
2025-03-28T12:30:21Z,2025-03-28T00:00:00Z,Graduate,2,NA,NA,2,NA,NA,NA,NA,NA,NA,5,Yes
2025-03-28T12:40:22Z,2025-03-28T00:00:00Z,Undergraduate,NA,NA,NA,1,NA,NA,1,NA,NA,NA,5,Yes
2025-03-28T12:46:33Z,2025-03-28T00:00:00Z,Undergraduate,1,1,NA,1,NA,NA,NA,NA,NA,NA,5,No
2025-03-28T12:49:50Z,2025-03-28T00:00:00Z,Graduate,NA,1,NA,1,1,NA,NA,2,NA,NA,5,Donated at blue bin
2025-03-28T12:50:35Z,2025-03-28T00:00:00Z,Graduate,4,NA,NA,NA,NA,NA,NA,NA,NA,NA,5,No
2025-03-28T12:59:46Z,2025-03-28T00:00:00Z,Graduate,2,2,NA,NA,1,NA,NA,NA,NA,NA,5,No
2025-03-28T13:11:27Z,2025-03-28T00:00:00Z,Undergraduate,NA,NA,NA,NA,NA,NA,1,NA,NA,NA,5,Donated at blue bin
2025-03-28T13:16:45Z,2025-03-28T00:00:00Z,Undergraduate,NA,NA,2,NA,NA,2,NA,NA,1,NA,5,Yes
2025-03-28T13:31:46Z,2025-03-28T00:00:00Z,Undergraduate,NA,NA,NA,NA,NA,NA,NA,NA,1,NA,5,Yes
2025-03-28T13:37:21Z,2025-03-28T00:00:00Z,Undergraduate,1,NA,1,NA,NA,NA,NA,NA,NA,NA,5,Yes
2025-03-28T13:42:23Z,2025-03-28T00:00:00Z,Undergraduate,NA,NA,NA,1,NA,NA,NA,NA,NA,NA,5,Donated at blue bin
2025-03-28T13:42:57Z,2025-03-28T00:00:00Z,Undergraduate,NA,NA,NA,1,NA,NA,NA,NA,NA,NA,5,Yes
2025-03-28T13:44:42Z,2025-03-28T00:00:00Z,Undergraduate,1,1,NA,NA,NA,NA,NA,NA,NA,NA,5,No
2025-03-28T13:45:41Z,2025-03-28T00:00:00Z,Undergraduate,1,NA,1,NA,NA,NA,NA,NA,NA,NA,5,No
2025-03-28T14:05:15Z,2025-03-28T00:00:00Z,Undergraduate,2,NA,NA,NA,NA,NA,NA,NA,NA,NA,5,Yes
2025-03-28T14:09:36Z,2025-03-28T00:00:00Z,Undergraduate,NA,NA,NA,1,NA,NA,NA,NA,NA,NA,5,No
2025-03-28T14:12:06Z,2025-03-28T00:00:00Z,Undergraduate,1,NA,NA,NA,NA,NA,NA,NA,NA,NA,5,Yes
2025-03-28T14:15:07Z,2025-03-28T00:00:00Z,Undergraduate,NA,NA,NA,NA,NA,NA,NA,NA,1,NA,5,No
2025-03-28T14:17:31Z,2025-03-28T00:00:00Z,Graduate,NA,NA,NA,NA,NA,NA,NA,NA,NA,1,5,No
2025-03-28T14:19:07Z,2025-03-28T00:00:00Z,Undergraduate,NA,NA,1,NA,NA,NA,NA,NA,NA,NA,5,No
2025-03-28T14:21:45Z,2025-03-28T00:00:00Z,Undergraduate,1,NA,NA,1,NA,NA,NA,NA,NA,NA,5,No
2025-03-28T14:27:03Z,2025-03-28T00:00:00Z,Graduate,NA,NA,1,2,NA,NA,NA,NA,NA,NA,5,Yes
2025-03-28T14:58:38Z,2025-03-28T00:00:00Z,Graduate,1,1,NA,NA,NA,NA,NA,NA,NA,1,5,Yes
2025-03-28T15:04:52Z,2025-03-28T00:00:00Z,Graduate,4,NA,NA,NA,NA,NA,1,1,NA,NA,5,Yes
2025-03-28T15:33:24Z,2025-03-28T00:00:00Z,Undergraduate,NA,NA,NA,1,NA,NA,NA,NA,NA,NA,3,Yes
2025-03-28T15:36:09Z,2025-03-28T00:00:00Z,Undergraduate,2,1,1,1,NA,NA,NA,NA,NA,NA,5,Yes
2025-03-28T15:53:30Z,2025-03-28T00:00:00Z,Undergraduate,NA,2,NA,NA,NA,NA,1,NA,NA,NA,5,Donated at blue bin
2025-03-28T15:59:52Z,2025-03-28T00:00:00Z,Undergraduate,4,NA,NA,NA,NA,5,NA,NA,NA,NA,5,Donated at blue bin
2025-03-28T16:00:27Z,2025-03-28T00:00:00Z,Undergraduate,1,NA,1,NA,NA,NA,NA,NA,NA,NA,5,Donated at blue bin
2025-03-28T12:03:54Z,2025-03-28T00:00:00Z,Undergraduate,NA,2,NA,NA,NA,NA,NA,1,NA,NA,5,Yes
2025-03-28T14:31:48Z,2025-03-28T00:00:00Z,Undergraduate,NA,NA,NA,2,1,NA,NA,NA,NA,NA,5,No
2025-04-04T09:54:23Z,2025-04-04T00:00:00Z,Undergraduate,1,NA,1,NA,NA,NA,NA,NA,NA,NA,5,Donated at blue bin
2025-04-04T10:11:56Z,2025-04-04T00:00:00Z,Undergraduate,NA,2,NA,NA,NA,NA,NA,NA,NA,NA,5,No
2025-04-04T11:59:21Z,2025-04-04T00:00:00Z,Undergraduate,4,NA,NA,NA,1,NA,2,NA,NA,NA,5,Yes
2025-04-04T12:05:58Z,2025-04-04T00:00:00Z,Graduate,NA,NA,1,3,NA,NA,NA,NA,NA,NA,5,Yes
2025-04-04T12:06:54Z,2025-04-04T00:00:00Z,Undergraduate,NA,NA,NA,NA,NA,1,NA,NA,NA,NA,5,Donated at blue bin
2025-04-04T12:08:11Z,2025-04-04T00:00:00Z,Undergraduate,1,NA,NA,NA,NA,NA,NA,NA,NA,NA,5,No
2025-04-04T12:10:59Z,2025-04-04T00:00:00Z,Undergraduate,1,NA,1,NA,NA,NA,NA,NA,NA,1,5,Yes
2025-04-04T12:23:38Z,2025-04-04T00:00:00Z,Undergraduate,NA,1,NA,NA,NA,NA,NA,NA,2,NA,5,No
2025-04-04T12:23:57Z,2025-04-04T00:00:00Z,Undergraduate,NA,NA,NA,NA,NA,NA,NA,NA,NA,1,5,Donated at blue bin
2025-04-04T12:33:11Z,2025-04-04T00:00:00Z,Undergraduate,NA,NA,1,NA,NA,NA,NA,NA,NA,NA,4,Donated at blue bin
2025-04-04T12:33:42Z,2025-04-04T00:00:00Z,Undergraduate,NA,NA,NA,NA,NA,NA,NA,NA,1,NA,5,No
2025-04-04T12:45:14Z,2025-04-04T00:00:00Z,Undergraduate,1,NA,NA,1,NA,NA,NA,NA,NA,NA,5,No
2025-04-04T12:58:17Z,2025-04-04T00:00:00Z,Undergraduate,NA,NA,1,NA,1,NA,NA,3,NA,1,5,Yes
2025-04-04T13:00:32Z,2025-04-04T00:00:00Z,Undergraduate,2,NA,NA,NA,NA,2,NA,NA,NA,NA,5,Yes
2025-04-04T13:01:25Z,2025-04-04T00:00:00Z,Undergraduate,1,NA,1,NA,NA,NA,NA,1,NA,NA,5,No
2025-04-04T13:14:14Z,2025-04-04T00:00:00Z,Undergraduate,1,NA,NA,NA,NA,NA,NA,NA,1,NA,5,Yes
2025-04-04T13:35:56Z,2025-04-04T00:00:00Z,Undergraduate,NA,NA,NA,NA,NA,NA,NA,NA,2,NA,5,No
2025-04-04T14:02:00Z,2025-04-04T00:00:00Z,Undergraduate,NA,NA,NA,1,NA,NA,2,NA,NA,1,5,Donated at blue bin
2025-04-04T14:02:29Z,2025-04-04T00:00:00Z,Undergraduate,NA,1,NA,NA,NA,NA,NA,NA,NA,NA,5,No
2025-04-04T14:32:01Z,2025-04-04T00:00:00Z,Undergraduate,NA,NA,NA,NA,NA,NA,NA,1,NA,NA,5,No
2025-04-04T14:35:58Z,2025-04-04T00:00:00Z,Undergraduate,1,NA,NA,NA,NA,NA,NA,NA,NA,NA,5,No
2025-04-04T14:37:25Z,2025-04-04T00:00:00Z,Undergraduate,2,NA,NA,NA,NA,NA,NA,NA,NA,NA,5,No
2025-04-04T14:50:40Z,2025-04-04T00:00:00Z,Undergraduate,NA,NA,NA,NA,NA,1,NA,NA,NA,NA,5,Yes
2025-04-04T14:58:36Z,2025-04-04T00:00:00Z,Undergraduate,2,NA,NA,2,NA,NA,NA,NA,NA,NA,5,Donated at blue bin
2025-04-04T15:00:39Z,2025-04-04T00:00:00Z,Undergraduate,1,NA,1,NA,1,NA,NA,1,NA,NA,5,No
2025-04-04T15:08:07Z,2025-04-04T00:00:00Z,Undergraduate,1,1,NA,NA,NA,NA,2,1,NA,NA,5,Donated at blue bin
2025-04-04T15:51:37Z,2025-04-04T00:00:00Z,Undergraduate,2,NA,1,NA,NA,NA,2,NA,NA,NA,5,No
2025-04-04T15:51:59Z,2025-04-04T00:00:00Z,Undergraduate,NA,NA,NA,NA,NA,NA,NA,NA,1,NA,5,Donated at blue bin
2025-04-04T15:59:31Z,2025-04-04T00:00:00Z,Undergraduate,NA,NA,3,NA,NA,NA,NA,NA,NA,NA,5,No
2025-04-04T12:10:37Z,2025-04-04T00:00:00Z,Undergraduate,1,NA,NA,NA,1,1,NA,NA,NA,NA,5,Yes
2025-04-04T12:45:34Z,2025-04-04T00:00:00Z,Undergraduate,NA,NA,1,NA,NA,NA,NA,NA,NA,NA,5,No
2025-04-04T16:05:06Z,2025-04-04T00:00:00Z,Graduate,2,NA,NA,NA,NA,NA,NA,NA,NA,NA,5,Yes
2025-04-11T10:34:32Z,2025-04-11T00:00:00Z,Undergraduate,NA,1,1,NA,NA,NA,NA,NA,NA,1,4,Donated at blue bin
2025-04-11T10:59:51Z,2025-04-11T00:00:00Z,Undergraduate,NA,1,NA,NA,NA,NA,NA,NA,NA,NA,5,Yes
2025-04-11T11:23:59Z,2025-04-11T00:00:00Z,Undergraduate,NA,NA,3,1,NA,NA,2,NA,NA,NA,5,Yes
2025-04-11T11:38:07Z,2025-04-11T00:00:00Z,Undergraduate,1,NA,NA,NA,NA,NA,NA,NA,NA,NA,5,Donated at blue bin
2025-04-11T12:10:22Z,2025-04-11T00:00:00Z,Undergraduate,NA,1,NA,NA,NA,NA,NA,NA,NA,NA,5,Yes
2025-04-11T12:11:31Z,2025-04-11T00:00:00Z,Undergraduate,NA,NA,NA,NA,NA,NA,1,NA,NA,NA,5,Yes
2025-04-11T12:50:39Z,2025-04-11T00:00:00Z,Undergraduate,NA,NA,1,NA,NA,NA,1,NA,NA,NA,5,No
2025-04-11T12:51:23Z,2025-04-11T00:00:00Z,Graduate,NA,NA,NA,1,NA,NA,NA,1,NA,1,4,Yes
2025-04-11T12:53:07Z,2025-04-11T00:00:00Z,Graduate,2,NA,NA,NA,1,NA,NA,NA,NA,NA,5,No
2025-04-11T12:55:30Z,2025-04-11T00:00:00Z,Undergraduate,7,NA,NA,3,NA,NA,NA,NA,NA,2,5,No
2025-04-11T12:56:45Z,2025-04-11T00:00:00Z,Undergraduate,NA,NA,NA,1,NA,NA,NA,NA,NA,NA,5,No
2025-04-11T13:48:05Z,2025-04-11T00:00:00Z,Undergraduate,NA,NA,NA,1,NA,1,2,NA,NA,NA,5,Yes
2025-04-11T13:50:31Z,2025-04-11T00:00:00Z,Graduate,3,NA,NA,1,NA,NA,NA,NA,NA,NA,5,Yes
2025-04-11T13:56:26Z,2025-04-11T00:00:00Z,Undergraduate,1,NA,NA,2,2,NA,NA,NA,NA,NA,5,Yes
2025-04-11T14:15:46Z,2025-04-11T00:00:00Z,Undergraduate,NA,NA,NA,1,NA,NA,NA,NA,NA,NA,4,No
2025-04-11T14:37:09Z,2025-04-11T00:00:00Z,Staff,4,2,NA,4,NA,NA,NA,NA,NA,NA,5,No
2025-04-11T14:37:32Z,2025-04-11T00:00:00Z,Graduate,NA,NA,NA,2,NA,NA,1,NA,NA,NA,5,Yes
2025-04-11T14:51:47Z,2025-04-11T00:00:00Z,Undergraduate,3,NA,1,NA,NA,NA,NA,NA,NA,NA,5,No
2025-04-11T15:05:57Z,2025-04-11T00:00:00Z,Undergraduate,NA,NA,NA,1,NA,NA,NA,NA,NA,1,5,Yes
2025-04-11T15:30:07Z,2025-04-11T00:00:00Z,Undergraduate,2,NA,NA,1,NA,1,NA,NA,NA,NA,5,Donated at blue bin
2025-04-11T15:57:22Z,2025-04-11T00:00:00Z,Undergraduate,1,NA,NA,NA,NA,NA,NA,NA,NA,NA,5,No
2025-04-11T16:02:20Z,2025-04-11T00:00:00Z,Undergraduate,2,NA,1,1,NA,NA,NA,NA,NA,NA,5,Yes
2025-04-11T11:00:42Z,2025-04-11T00:00:00Z,Undergraduate,NA,NA,2,1,NA,NA,NA,NA,NA,NA,5,Yes
2025-04-11T11:08:17Z,2025-04-11T00:00:00Z,Undergraduate,NA,NA,NA,NA,NA,NA,1,NA,NA,NA,3,No
2025-04-11T12:10:21Z,2025-04-11T00:00:00Z,Undergraduate,1,NA,NA,NA,NA,NA,NA,NA,NA,NA,5,Yes
2025-04-18T10:40:57Z,2025-04-18T00:00:00Z,Undergraduate,NA,NA,2,NA,NA,NA,NA,NA,NA,NA,5,No
2025-04-18T10:52:26Z,2025-04-18T00:00:00Z,Graduate,2,NA,NA,NA,1,NA,NA,NA,NA,1,5,Yes
2025-04-18T11:20:41Z,2025-04-18T00:00:00Z,Undergraduate,2,NA,NA,NA,NA,NA,NA,NA,NA,NA,5,Yes
2025-04-18T11:22:23Z,2025-04-18T00:00:00Z,Undergraduate,1,1,NA,1,NA,NA,NA,NA,NA,NA,5,Yes
2025-04-18T12:16:53Z,2025-04-18T00:00:00Z,Undergraduate,1,NA,NA,NA,NA,NA,NA,NA,NA,NA,5,No
2025-04-18T12:22:24Z,2025-04-18T00:00:00Z,Undergraduate,NA,NA,NA,NA,NA,NA,NA,NA,NA,1,5,Yes
2025-04-18T12:33:28Z,2025-04-18T00:00:00Z,Undergraduate,1,NA,1,NA,NA,NA,NA,NA,NA,NA,5,No
2025-04-18T12:39:52Z,2025-04-18T00:00:00Z,Graduate,1,1,NA,3,NA,NA,NA,NA,NA,NA,4,No
2025-04-18T12:46:58Z,2025-04-18T00:00:00Z,Undergraduate,1,NA,NA,NA,NA,1,2,1,NA,NA,5,Donated at blue bin
2025-04-18T13:05:59Z,2025-04-18T00:00:00Z,Undergraduate,1,NA,NA,NA,NA,NA,NA,NA,NA,NA,5,No
2025-04-18T13:17:08Z,2025-04-18T00:00:00Z,Undergraduate,1,NA,NA,1,NA,NA,NA,NA,NA,1,5,No
2025-04-18T13:17:59Z,2025-04-18T00:00:00Z,Undergraduate,3,NA,NA,1,NA,NA,NA,NA,NA,NA,4,Donated at blue bin
2025-04-18T13:32:54Z,2025-04-18T00:00:00Z,Undergraduate,NA,NA,1,NA,NA,NA,NA,NA,NA,NA,5,No
2025-04-18T13:57:40Z,2025-04-18T00:00:00Z,Undergraduate,NA,NA,NA,NA,2,NA,3,NA,NA,NA,5,No
2025-04-18T13:58:49Z,2025-04-18T00:00:00Z,Undergraduate,1,NA,NA,NA,NA,NA,1,NA,NA,NA,5,Yes
2025-04-18T14:03:28Z,2025-04-18T00:00:00Z,Undergraduate,3,NA,NA,1,NA,2,NA,NA,NA,NA,5,Yes
2025-04-18T14:20:53Z,2025-04-18T00:00:00Z,Undergraduate,1,NA,NA,NA,NA,NA,NA,NA,NA,NA,5,Yes
2025-04-18T14:29:54Z,2025-04-18T00:00:00Z,Undergraduate,2,NA,2,4,NA,NA,NA,NA,NA,NA,5,Donated at blue bin
2025-04-18T14:33:41Z,2025-04-18T00:00:00Z,Undergraduate,NA,NA,NA,NA,NA,NA,NA,NA,NA,1,5,No
2025-04-18T14:36:50Z,2025-04-18T00:00:00Z,Undergraduate,2,3,NA,NA,NA,NA,1,NA,NA,NA,5,No
2025-04-18T14:49:31Z,2025-04-18T00:00:00Z,Graduate,1,1,NA,NA,1,NA,1,NA,NA,NA,5,No
2025-04-18T14:52:00Z,2025-04-18T00:00:00Z,Undergraduate,NA,2,NA,NA,NA,2,1,1,NA,2,5,Yes
2025-04-18T15:27:03Z,2025-04-18T00:00:00Z,Undergraduate,NA,NA,NA,3,NA,NA,NA,NA,NA,NA,5,No
2025-04-18T15:53:16Z,2025-04-18T00:00:00Z,Undergraduate,1,2,NA,NA,1,NA,NA,1,NA,2,4,Donated at blue bin
2025-04-18T15:54:12Z,2025-04-18T00:00:00Z,Undergraduate,NA,NA,NA,NA,NA,NA,NA,NA,NA,NA,4,No
2025-04-18T15:57:00Z,2025-04-18T00:00:00Z,Undergraduate,2,NA,NA,NA,NA,NA,1,NA,1,NA,5,Donated at blue bin
2025-04-18T15:59:05Z,2025-04-18T00:00:00Z,Undergraduate,NA,NA,NA,NA,1,NA,NA,NA,NA,NA,5,Donated at blue bin
2025-04-18T16:00:13Z,2025-04-18T00:00:00Z,Graduate,NA,NA,NA,1,NA,NA,NA,NA,NA,NA,5,Yes
2025-04-18T12:40:40Z,2025-04-18T00:00:00Z,Undergraduate,NA,1,NA,NA,NA,NA,1,NA,NA,NA,5,No
2025-04-18T14:30:10Z,2025-04-18T00:00:00Z,Undergraduate,1,NA,NA,NA,NA,NA,NA,NA,NA,NA,5,Donated at blue bin
2025-04-25T10:32:22Z,2025-04-25T00:00:00Z,Undergraduate,2,1,NA,2,NA,NA,NA,NA,NA,NA,5,Yes
2025-04-25T10:40:37Z,2025-04-25T00:00:00Z,Undergraduate,1,NA,NA,NA,NA,NA,1,NA,NA,NA,5,No
2025-04-25T11:09:14Z,2025-04-25T00:00:00Z,Undergraduate,1,NA,NA,NA,NA,NA,1,NA,NA,NA,4,No
2025-04-25T11:14:19Z,2025-04-25T00:00:00Z,Undergraduate,1,NA,NA,NA,NA,NA,NA,1,NA,NA,5,No
2025-04-25T11:24:17Z,2025-04-25T00:00:00Z,Undergraduate,NA,NA,1,NA,NA,NA,NA,NA,NA,NA,5,No
2025-04-25T11:25:02Z,2025-04-25T00:00:00Z,Undergraduate,2,NA,NA,NA,NA,1,NA,NA,NA,NA,5,Yes
2025-04-25T11:31:30Z,2025-04-25T00:00:00Z,Undergraduate,NA,NA,NA,NA,NA,NA,NA,1,NA,NA,5,No
2025-04-25T11:32:21Z,2025-04-25T00:00:00Z,Undergraduate,3,NA,NA,NA,NA,NA,NA,NA,NA,NA,5,No
2025-04-25T11:32:51Z,2025-04-25T00:00:00Z,Undergraduate,NA,NA,NA,NA,NA,NA,1,NA,NA,NA,5,No
2025-04-25T11:55:20Z,2025-04-25T00:00:00Z,Undergraduate,NA,NA,NA,1,NA,NA,NA,1,1,1,5,No
2025-04-25T12:39:02Z,2025-04-25T00:00:00Z,Undergraduate,NA,NA,NA,NA,2,NA,NA,NA,NA,1,5,Donated at blue bin
2025-04-25T12:48:11Z,2025-04-25T00:00:00Z,Undergraduate,1,NA,NA,NA,NA,NA,NA,NA,NA,NA,5,Yes
2025-04-25T12:48:48Z,2025-04-25T00:00:00Z,Undergraduate,NA,1,NA,NA,NA,NA,NA,NA,NA,NA,5,Yes
2025-04-25T12:55:30Z,2025-04-25T00:00:00Z,Undergraduate,NA,1,NA,NA,NA,NA,NA,NA,NA,NA,5,No
2025-04-25T12:58:03Z,2025-04-25T00:00:00Z,Undergraduate,1,NA,NA,NA,NA,NA,NA,NA,NA,NA,5,Yes
2025-04-25T13:01:43Z,2025-04-25T00:00:00Z,Undergraduate,NA,NA,NA,NA,NA,NA,NA,NA,NA,2,5,Yes
2025-04-25T13:05:35Z,2025-04-25T00:00:00Z,Undergraduate,NA,NA,NA,2,NA,NA,NA,NA,NA,1,5,Yes
2025-04-25T13:10:44Z,2025-04-25T00:00:00Z,Undergraduate,NA,7,NA,NA,NA,NA,NA,NA,NA,NA,5,No
2025-04-25T13:11:38Z,2025-04-25T00:00:00Z,Undergraduate,NA,NA,1,NA,NA,NA,NA,NA,NA,NA,5,Yes
2025-04-25T13:29:34Z,2025-04-25T00:00:00Z,Undergraduate,NA,NA,1,NA,NA,NA,NA,NA,NA,NA,5,Yes
2025-04-25T13:30:01Z,2025-04-25T00:00:00Z,Undergraduate,1,1,NA,NA,NA,NA,NA,NA,NA,NA,5,Yes
2025-04-25T13:44:21Z,2025-04-25T00:00:00Z,Undergraduate,1,1,NA,3,NA,NA,2,NA,1,1,5,Yes
2025-04-25T14:21:30Z,2025-04-25T00:00:00Z,Undergraduate,NA,1,NA,NA,NA,NA,NA,1,NA,NA,5,No
2025-04-25T14:24:14Z,2025-04-25T00:00:00Z,Undergraduate,3,NA,NA,NA,NA,1,NA,NA,NA,NA,5,Yes
2025-04-25T14:40:53Z,2025-04-25T00:00:00Z,Graduate,3,NA,1,NA,NA,NA,1,NA,NA,NA,5,Yes
2025-04-25T14:46:20Z,2025-04-25T00:00:00Z,Graduate,1,NA,NA,NA,NA,NA,3,NA,NA,NA,5,Yes
2025-04-25T14:59:33Z,2025-04-25T00:00:00Z,Undergraduate,NA,NA,1,NA,NA,NA,NA,NA,NA,NA,5,No
2025-04-25T15:00:29Z,2025-04-25T00:00:00Z,Undergraduate,NA,NA,NA,NA,NA,NA,NA,NA,NA,1,5,No
2025-04-25T15:01:35Z,2025-04-25T00:00:00Z,Undergraduate,NA,NA,NA,NA,NA,1,1,1,NA,NA,5,Yes
2025-04-25T15:48:49Z,2025-04-25T00:00:00Z,Undergraduate,NA,NA,NA,NA,1,NA,NA,NA,NA,NA,4,No
2025-04-25T15:49:15Z,2025-04-25T00:00:00Z,Undergraduate,1,NA,NA,NA,NA,NA,NA,NA,1,NA,5,No
2025-04-25T15:50:08Z,2025-04-25T00:00:00Z,Undergraduate,1,NA,NA,NA,NA,NA,1,NA,NA,NA,5,No
2025-04-25T15:50:48Z,2025-04-25T00:00:00Z,Undergraduate,1,NA,NA,NA,1,NA,NA,NA,NA,NA,5,No
2025-04-25T16:00:16Z,2025-04-25T00:00:00Z,Graduate,1,NA,NA,NA,NA,2,NA,NA,NA,NA,5,Yes
2025-04-25T13:43:14Z,2025-04-25T00:00:00Z,Undergraduate,2,NA,NA,NA,1,1,NA,NA,NA,NA,5,Yes
2025-04-25T16:01:38Z,2025-04-25T00:00:00Z,Graduate,NA,NA,NA,1,NA,NA,NA,NA,NA,NA,5,Yes
2025-04-25T16:08:27Z,2025-04-25T00:00:00Z,Undergraduate,NA,NA,NA,2,NA,NA,2,NA,NA,NA,5,Yes
2025-04-25T16:09:28Z,2025-04-25T00:00:00Z,Undergraduate,NA,NA,NA,NA,NA,NA,2,1,NA,NA,5,No
2025-04-25T16:10:04Z,2025-04-25T00:00:00Z,Undergraduate,2,NA,NA,1,NA,NA,NA,NA,1,NA,5,Yes
2025-04-26T15:04:21Z,2025-04-26T00:00:00Z,Undergraduate,1,NA,NA,NA,NA,NA,NA,NA,NA,NA,5,No
2025-04-26T15:08:33Z,2025-04-26T00:00:00Z,Undergraduate,NA,NA,NA,NA,1,NA,NA,NA,NA,NA,5,No
2025-04-26T15:09:38Z,2025-04-26T00:00:00Z,Undergraduate,2,NA,NA,NA,NA,NA,NA,NA,NA,NA,5,No
2025-04-26T15:40:07Z,2025-04-26T00:00:00Z,Undergraduate,NA,NA,1,NA,NA,NA,NA,NA,NA,NA,5,No
2025-04-26T15:47:02Z,2025-04-26T00:00:00Z,Undergraduate,NA,NA,1,NA,NA,NA,NA,NA,NA,NA,5,No
2025-04-26T16:24:49Z,2025-04-26T00:00:00Z,Undergraduate,1,NA,NA,NA,NA,NA,NA,NA,NA,NA,5,Yes
2025-04-26T14:12:24Z,2025-04-26T00:00:00Z,Undergraduate,NA,NA,NA,2,NA,NA,NA,1,NA,NA,5,No
2025-04-26T14:25:30Z,2025-04-26T00:00:00Z,Undergraduate,NA,NA,NA,NA,NA,NA,1,NA,NA,NA,5,Donated at blue bin
2025-04-26T14:28:07Z,2025-04-26T00:00:00Z,Undergraduate,1,NA,NA,1,NA,NA,NA,NA,NA,NA,5,No
2025-05-02T10:36:30Z,2025-05-02T00:00:00Z,Undergraduate,1,NA,NA,1,NA,NA,2,NA,1,1,5,Yes
2025-05-02T11:12:21Z,2025-05-02T00:00:00Z,Undergraduate,1,NA,1,NA,NA,NA,NA,NA,NA,NA,5,Yes
2025-05-02T11:24:23Z,2025-05-02T00:00:00Z,Undergraduate,1,NA,NA,NA,NA,NA,1,NA,NA,NA,5,No
2025-05-02T11:28:24Z,2025-05-02T00:00:00Z,Undergraduate,1,NA,NA,1,NA,NA,NA,NA,NA,NA,5,Yes
2025-05-02T11:28:49Z,2025-05-02T00:00:00Z,Undergraduate,NA,NA,NA,NA,NA,NA,1,NA,NA,NA,5,No
2025-05-02T11:30:43Z,2025-05-02T00:00:00Z,Graduate,2,NA,NA,NA,NA,NA,4,NA,1,1,5,Yes
2025-05-02T11:32:30Z,2025-05-02T00:00:00Z,Undergraduate,NA,2,NA,NA,NA,NA,NA,NA,NA,NA,5,Yes
2025-05-02T11:33:16Z,2025-05-02T00:00:00Z,Graduate,NA,NA,NA,1,NA,NA,1,NA,NA,NA,5,Yes
2025-05-02T11:39:44Z,2025-05-02T00:00:00Z,Undergraduate,NA,NA,NA,3,NA,NA,NA,NA,NA,NA,5,Donated at blue bin
2025-05-02T11:53:44Z,2025-05-02T00:00:00Z,Graduate,1,NA,NA,1,NA,NA,NA,NA,NA,1,5,Yes
2025-05-02T11:58:01Z,2025-05-02T00:00:00Z,Graduate,NA,NA,NA,1,NA,NA,1,NA,NA,NA,5,Yes
2025-05-02T12:00:30Z,2025-05-02T00:00:00Z,Graduate,1,NA,NA,2,NA,2,NA,NA,NA,NA,5,Yes
2025-05-02T12:02:43Z,2025-05-02T00:00:00Z,Undergraduate,1,NA,NA,NA,NA,NA,NA,NA,NA,NA,5,No
2025-05-02T12:05:51Z,2025-05-02T00:00:00Z,Undergraduate,NA,1,NA,NA,NA,NA,NA,NA,NA,NA,5,No
2025-05-02T12:06:26Z,2025-05-02T00:00:00Z,Undergraduate,NA,NA,NA,NA,1,NA,NA,NA,NA,1,5,No
2025-05-02T12:36:39Z,2025-05-02T00:00:00Z,Undergraduate,1,NA,NA,NA,NA,NA,NA,NA,NA,2,5,Donated at blue bin
2025-05-02T12:39:47Z,2025-05-02T00:00:00Z,Undergraduate,NA,1,1,NA,NA,NA,NA,NA,NA,NA,5,Donated at blue bin
2025-05-02T12:59:40Z,2025-05-02T00:00:00Z,Undergraduate,6,NA,NA,NA,NA,NA,NA,NA,NA,1,5,Yes
2025-05-02T13:09:28Z,2025-05-02T00:00:00Z,Undergraduate,1,NA,NA,NA,NA,NA,NA,3,NA,1,5,Donated at blue bin
2025-05-02T13:34:55Z,2025-05-02T00:00:00Z,Undergraduate,4,NA,1,2,NA,NA,NA,1,NA,NA,5,Donated at blue bin
2025-05-02T13:41:03Z,2025-05-02T00:00:00Z,Graduate,1,NA,1,NA,NA,NA,NA,NA,NA,NA,5,Yes
2025-05-02T13:56:22Z,2025-05-02T00:00:00Z,Undergraduate,3,1,NA,2,NA,NA,NA,2,1,1,5,Yes
2025-05-02T13:58:47Z,2025-05-02T00:00:00Z,Undergraduate,NA,1,NA,2,NA,NA,NA,NA,NA,NA,5,No
2025-05-02T14:05:25Z,2025-05-02T00:00:00Z,Undergraduate,2,NA,NA,3,NA,NA,NA,NA,NA,NA,5,No
2025-05-02T14:16:43Z,2025-05-02T00:00:00Z,Graduate,2,NA,NA,1,1,NA,3,NA,NA,NA,5,Yes
2025-05-02T14:26:51Z,2025-05-02T00:00:00Z,Undergraduate,3,1,NA,NA,NA,NA,4,NA,NA,NA,5,No
2025-05-02T14:47:00Z,2025-05-02T00:00:00Z,Undergraduate,8,NA,NA,NA,1,NA,NA,NA,NA,1,5,No
2025-05-02T14:50:06Z,2025-05-02T00:00:00Z,Undergraduate,6,NA,NA,1,NA,NA,NA,1,NA,NA,5,Yes
2025-05-02T14:50:38Z,2025-05-02T00:00:00Z,Undergraduate,2,NA,NA,NA,NA,1,NA,NA,NA,NA,5,No
2025-05-02T14:55:10Z,2025-05-02T00:00:00Z,Undergraduate,1,NA,NA,1,NA,NA,NA,NA,NA,NA,5,No
2025-05-02T15:01:07Z,2025-05-02T00:00:00Z,Undergraduate,NA,NA,NA,NA,NA,NA,1,NA,NA,NA,5,Yes
2025-05-02T15:05:23Z,2025-05-02T00:00:00Z,Undergraduate,2,2,NA,NA,2,2,1,NA,NA,NA,5,Donated at blue bin
2025-05-02T15:07:54Z,2025-05-02T00:00:00Z,Undergraduate,2,NA,1,1,1,1,NA,NA,NA,1,5,Donated at blue bin
2025-05-02T15:13:45Z,2025-05-02T00:00:00Z,Staff,2,NA,NA,1,1,NA,NA,NA,NA,NA,5,Donated at blue bin
2025-05-02T15:18:21Z,2025-05-02T00:00:00Z,Graduate,4,NA,NA,NA,NA,NA,NA,NA,NA,NA,5,No
2025-05-02T15:20:24Z,2025-05-02T00:00:00Z,Undergraduate,2,NA,NA,1,NA,NA,NA,1,NA,NA,5,No
2025-05-02T15:26:37Z,2025-05-02T00:00:00Z,Undergraduate,1,NA,NA,NA,NA,1,NA,NA,NA,NA,5,No
2025-05-02T15:27:28Z,2025-05-02T00:00:00Z,Undergraduate,1,NA,NA,1,NA,NA,NA,NA,NA,NA,5,Yes
2025-05-02T15:28:20Z,2025-05-02T00:00:00Z,Undergraduate,2,NA,NA,NA,NA,NA,NA,NA,1,NA,5,Donated at blue bin
2025-05-02T15:30:08Z,2025-05-02T00:00:00Z,Undergraduate,1,NA,NA,NA,NA,NA,NA,NA,NA,NA,5,No
2025-05-02T16:17:45Z,2025-05-02T00:00:00Z,Undergraduate,3,2,2,NA,NA,NA,NA,NA,NA,NA,5,Yes
2025-05-02T12:36:35Z,2025-05-02T00:00:00Z,Undergraduate,2,NA,NA,NA,NA,NA,NA,NA,NA,NA,5,No
2025-06-17T11:07:10Z,2025-06-17T00:00:00Z,Undergraduate,NA,NA,1,1,NA,1,NA,NA,NA,1,5,Yes
2025-06-17T11:39:56Z,2025-06-17T00:00:00Z,Undergraduate,3,NA,NA,NA,NA,NA,NA,NA,NA,NA,5,Yes
2025-06-17T13:09:05Z,2025-06-17T00:00:00Z,Undergraduate,NA,NA,NA,NA,NA,NA,NA,2,NA,NA,5,No
2025-06-17T13:09:39Z,2025-06-17T00:00:00Z,Undergraduate,NA,NA,NA,1,NA,NA,NA,NA,NA,NA,5,Yes
2025-06-17T13:12:53Z,2025-06-17T00:00:00Z,Undergraduate,NA,NA,NA,NA,NA,NA,NA,NA,1,NA,5,No
2025-06-17T13:52:42Z,2025-06-17T00:00:00Z,Graduate,4,NA,NA,NA,NA,NA,NA,NA,NA,NA,5,Yes
2025-06-17T13:59:54Z,2025-06-17T00:00:00Z,Undergraduate,4,NA,NA,1,NA,NA,NA,NA,2,NA,5,Donated at blue bin
2025-06-17T14:38:29Z,2025-06-17T00:00:00Z,Undergraduate,1,1,NA,NA,NA,NA,NA,NA,NA,NA,5,Yes
2025-06-17T15:26:10Z,2025-06-17T00:00:00Z,Undergraduate,NA,NA,1,1,NA,NA,NA,NA,NA,NA,5,No
2025-06-17T15:32:47Z,2025-06-17T00:00:00Z,Undergraduate,2,NA,NA,NA,NA,NA,1,NA,NA,NA,5,No
2025-06-17T15:33:52Z,2025-06-17T00:00:00Z,Undergraduate,NA,NA,NA,NA,NA,NA,NA,NA,1,NA,5,No
2025-06-17T15:53:39Z,2025-06-17T00:00:00Z,Graduate,2,NA,NA,NA,NA,NA,2,NA,NA,NA,5,Yes
2025-06-24T10:43:52Z,2025-06-24T00:00:00Z,Undergraduate,1,NA,NA,NA,NA,NA,NA,NA,NA,NA,5,No
2025-06-24T11:54:25Z,2025-06-24T00:00:00Z,Undergraduate,NA,NA,NA,1,NA,NA,NA,NA,NA,5,4,Yes
2025-06-24T13:32:26Z,2025-06-24T00:00:00Z,Graduate,3,1,NA,1,NA,NA,NA,NA,NA,3,5,Yes
2025-06-24T13:34:33Z,2025-06-24T00:00:00Z,Undergraduate,NA,NA,NA,NA,NA,NA,NA,NA,1,NA,5,Yes
2025-06-24T15:11:57Z,2025-06-24T00:00:00Z,Undergraduate,3,NA,NA,3,NA,NA,2,NA,NA,NA,5,Yes
2025-06-24T15:34:22Z,2025-06-24T00:00:00Z,Graduate,NA,NA,NA,NA,NA,NA,NA,NA,NA,1,5,Yes
2025-06-29T20:08:36Z,2025-06-29T00:00:00Z,Undergraduate,1,NA,NA,NA,NA,NA,NA,NA,NA,NA,4,No
2025-07-01T12:20:08Z,2025-07-01T00:00:00Z,Undergraduate,NA,NA,1,NA,1,1,NA,NA,NA,1,5,No
2025-07-01T12:20:30Z,2025-07-01T00:00:00Z,Undergraduate,NA,NA,1,NA,NA,NA,NA,NA,NA,NA,5,No
2025-07-01T12:20:48Z,2025-07-01T00:00:00Z,Undergraduate,2,NA,NA,NA,NA,NA,NA,NA,NA,NA,5,No
2025-07-01T12:23:55Z,2025-07-01T00:00:00Z,Undergraduate,1,NA,NA,NA,1,NA,NA,NA,1,NA,5,No
2025-07-01T12:33:30Z,2025-07-01T00:00:00Z,Undergraduate,NA,1,NA,2,NA,NA,NA,2,NA,NA,5,No
2025-07-01T12:35:01Z,2025-07-01T00:00:00Z,Undergraduate,2,1,NA,NA,2,NA,NA,NA,NA,NA,5,No
2025-07-01T12:45:34Z,2025-07-01T00:00:00Z,Undergraduate,1,2,1,1,NA,NA,1,1,NA,NA,5,Yes
2025-07-01T13:02:05Z,2025-07-01T00:00:00Z,Undergraduate,2,NA,1,NA,NA,NA,NA,NA,NA,NA,5,No
2025-07-01T13:02:47Z,2025-07-01T00:00:00Z,Undergraduate,2,NA,NA,NA,NA,NA,NA,NA,NA,NA,3,No
2025-07-01T13:05:19Z,2025-07-01T00:00:00Z,Undergraduate,4,NA,NA,3,NA,NA,NA,1,NA,NA,5,Yes
2025-07-01T13:06:08Z,2025-07-01T00:00:00Z,Undergraduate,2,NA,1,NA,NA,NA,1,NA,NA,NA,5,No
2025-07-01T13:07:25Z,2025-07-01T00:00:00Z,Undergraduate,1,NA,NA,NA,NA,NA,NA,1,NA,1,5,No
2025-07-01T13:09:32Z,2025-07-01T00:00:00Z,Undergraduate,2,NA,3,NA,NA,NA,NA,NA,NA,NA,5,No
2025-07-01T13:10:46Z,2025-07-01T00:00:00Z,Undergraduate,4,NA,1,NA,NA,NA,NA,NA,NA,NA,5,No
2025-07-01T13:10:49Z,2025-07-01T00:00:00Z,Undergraduate,NA,NA,NA,1,NA,NA,NA,NA,NA,NA,5,Yes
2025-07-01T13:24:42Z,2025-07-01T00:00:00Z,Undergraduate,NA,NA,NA,2,NA,NA,NA,NA,NA,2,5,No
2025-07-01T14:31:46Z,2025-07-01T00:00:00Z,Undergraduate,1,NA,NA,NA,NA,NA,NA,NA,NA,NA,5,No
2025-07-01T14:36:29Z,2025-07-01T00:00:00Z,Undergraduate,NA,NA,NA,NA,NA,NA,NA,NA,NA,1,5,No
2025-07-01T15:01:20Z,2025-07-01T00:00:00Z,Undergraduate,3,NA,NA,NA,NA,NA,NA,NA,NA,NA,5,No
2025-07-01T16:07:34Z,2025-07-01T00:00:00Z,Undergraduate,NA,NA,NA,1,NA,NA,NA,NA,NA,NA,5,No
2025-07-01T16:08:06Z,2025-07-01T00:00:00Z,Undergraduate,1,NA,NA,NA,NA,NA,NA,NA,NA,NA,5,No
2025-07-01T17:10:18Z,2025-07-01T00:00:00Z,Undergraduate,4,NA,NA,NA,NA,NA,NA,NA,1,NA,5,No
2025-07-22T12:22:38Z,2025-07-22T00:00:00Z,Undergraduate,1,1,NA,NA,1,NA,NA,NA,1,NA,5,No
2025-07-22T12:33:34Z,2025-07-22T00:00:00Z,Undergraduate,3,NA,NA,1,NA,NA,NA,NA,NA,NA,5,No
2025-07-22T12:36:23Z,2025-07-22T00:00:00Z,Undergraduate,6,NA,NA,NA,NA,NA,NA,NA,NA,NA,5,Yes
2025-07-22T12:36:45Z,2025-07-22T00:00:00Z,Undergraduate,NA,3,NA,NA,NA,NA,NA,1,NA,NA,5,Yes
2025-07-22T12:43:22Z,2025-07-22T00:00:00Z,Undergraduate,NA,NA,NA,NA,NA,NA,1,1,NA,NA,5,No
2025-07-22T12:49:01Z,2025-07-22T00:00:00Z,Undergraduate,2,NA,NA,NA,NA,NA,NA,NA,NA,NA,5,Yes
2025-07-22T13:26:40Z,2025-07-22T00:00:00Z,Undergraduate,2,NA,NA,NA,NA,NA,NA,NA,NA,NA,5,No
2025-07-22T14:04:52Z,2025-07-22T00:00:00Z,Undergraduate,NA,NA,NA,NA,NA,NA,NA,1,NA,1,5,No
2025-07-22T14:06:31Z,2025-07-22T00:00:00Z,Undergraduate,1,NA,NA,NA,NA,NA,NA,NA,NA,NA,5,No
2025-07-22T15:07:36Z,2025-07-22T00:00:00Z,Undergraduate,1,NA,1,NA,NA,NA,NA,NA,NA,1,5,No
2025-07-22T15:08:42Z,2025-07-22T00:00:00Z,Undergraduate,2,1,NA,2,NA,NA,NA,1,1,NA,5,Donated at blue bin
2025-07-22T15:11:07Z,2025-07-22T00:00:00Z,Undergraduate,1,NA,NA,NA,NA,NA,NA,NA,NA,NA,5,No
2025-07-22T15:11:12Z,2025-07-22T00:00:00Z,Undergraduate,NA,1,NA,NA,1,NA,NA,NA,NA,1,5,No
2025-07-22T15:17:03Z,2025-07-22T00:00:00Z,Graduate,1,NA,NA,NA,NA,NA,1,NA,NA,NA,5,Yes
2025-07-22T15:45:27Z,2025-07-22T00:00:00Z,Undergraduate,4,NA,1,NA,NA,NA,NA,NA,NA,NA,5,No
2025-07-29T10:37:48Z,2025-07-29T00:00:00Z,Undergraduate,NA,NA,NA,1,NA,NA,NA,NA,1,NA,5,Yes
2025-07-29T11:12:49Z,2025-07-29T00:00:00Z,Undergraduate,1,NA,NA,1,1,NA,NA,NA,NA,NA,5,No
2025-07-29T11:23:02Z,2025-07-29T00:00:00Z,Undergraduate,1,NA,NA,NA,NA,NA,1,NA,NA,NA,5,No
2025-07-29T11:32:50Z,2025-07-29T00:00:00Z,Undergraduate,NA,3,NA,NA,NA,NA,NA,NA,NA,NA,5,Yes
2025-07-29T11:41:17Z,2025-07-29T00:00:00Z,Undergraduate,2,1,NA,1,NA,NA,NA,NA,1,NA,5,No
2025-07-29T11:48:24Z,2025-07-29T00:00:00Z,Undergraduate,1,NA,1,NA,NA,NA,NA,NA,NA,NA,5,No
2025-07-29T12:01:32Z,2025-07-29T00:00:00Z,Non-GW-affiliated community member,1,1,NA,1,NA,NA,NA,NA,NA,1,5,No
2025-07-29T12:16:59Z,2025-07-29T00:00:00Z,Graduate,4,NA,1,3,NA,NA,NA,NA,NA,NA,5,Yes
2025-07-29T13:36:33Z,2025-07-29T00:00:00Z,Graduate,1,NA,NA,NA,NA,1,3,NA,NA,NA,5,Yes
2025-07-29T14:31:00Z,2025-07-29T00:00:00Z,Staff,NA,NA,NA,1,NA,NA,NA,NA,NA,NA,5,Donated at blue bin
2025-07-29T14:32:38Z,2025-07-29T00:00:00Z,Staff,NA,NA,NA,NA,1,NA,NA,NA,NA,NA,5,Donated at blue bin
2025-07-29T14:34:31Z,2025-07-29T00:00:00Z,Undergraduate,1,3,NA,NA,NA,NA,NA,NA,NA,NA,5,Yes
2025-07-29T15:38:31Z,2025-07-29T00:00:00Z,Staff,2,NA,NA,NA,NA,NA,1,NA,NA,NA,5,No
2025-07-29T15:40:33Z,2025-07-29T00:00:00Z,Staff,1,NA,NA,NA,NA,2,1,NA,NA,NA,5,Donated at blue bin
2025-07-29T15:41:47Z,2025-07-29T00:00:00Z,Staff,1,NA,NA,1,NA,NA,1,NA,NA,NA,5,No
2025-08-05T10:25:50Z,2025-08-05T00:00:00Z,Graduate,NA,NA,NA,NA,2,NA,NA,NA,NA,NA,5,No
2025-08-05T10:27:44Z,2025-08-05T00:00:00Z,Undergraduate,3,NA,NA,NA,NA,NA,NA,NA,NA,1,5,Yes
2025-08-05T12:15:26Z,2025-08-05T00:00:00Z,Undergraduate,NA,NA,1,1,NA,NA,NA,NA,NA,NA,5,No
2025-08-05T14:36:33Z,2025-08-05T00:00:00Z,Graduate,2,NA,1,1,NA,NA,NA,NA,NA,NA,5,Yes
2025-08-05T15:02:45Z,2025-08-05T00:00:00Z,Graduate,4,NA,NA,NA,NA,NA,3,NA,NA,NA,4,Yes
2025-08-06T13:52:19Z,2025-08-06T00:00:00Z,Staff,NA,NA,NA,1,NA,NA,NA,NA,NA,NA,5,Donated at blue bin
2025-08-12T10:10:46Z,2025-08-12T00:00:00Z,Undergraduate,NA,NA,NA,NA,NA,NA,1,NA,NA,NA,5,No
2025-08-12T10:54:36Z,2025-08-12T00:00:00Z,Graduate,NA,NA,NA,NA,NA,NA,1,NA,NA,NA,5,No
2025-08-12T11:43:16Z,2025-08-12T00:00:00Z,Undergraduate,4,4,4,3,3,2,NA,NA,NA,2,5,Yes
2025-08-12T12:39:50Z,2025-08-12T00:00:00Z,Undergraduate,4,1,1,NA,NA,NA,NA,NA,NA,NA,5,Yes
2025-08-12T12:45:11Z,2025-08-12T00:00:00Z,Undergraduate,3,NA,1,2,NA,NA,1,3,NA,NA,5,Yes
2025-08-12T12:49:56Z,2025-08-12T00:00:00Z,Undergraduate,2,NA,4,NA,NA,NA,1,NA,NA,NA,5,Donated at blue bin
2025-08-12T12:51:04Z,2025-08-12T00:00:00Z,Undergraduate,NA,NA,NA,NA,NA,NA,NA,NA,1,1,5,Yes
2025-08-12T13:06:35Z,2025-08-12T00:00:00Z,Undergraduate,1,NA,NA,NA,NA,NA,NA,NA,NA,1,5,No
2025-08-12T14:32:26Z,2025-08-12T00:00:00Z,Graduate,1,NA,1,NA,1,2,NA,NA,1,NA,5,Yes
2025-08-19T10:36:46Z,2025-08-19T00:00:00Z,Undergraduate,3,NA,3,NA,NA,NA,NA,NA,NA,NA,5,Yes
2025-08-19T11:03:09Z,2025-08-19T00:00:00Z,Undergraduate,1,NA,NA,NA,NA,NA,NA,NA,NA,NA,5,No
2025-08-19T11:46:51Z,2025-08-19T00:00:00Z,Undergraduate,NA,NA,NA,1,NA,NA,NA,NA,NA,NA,5,No
2025-08-19T11:47:04Z,2025-08-19T00:00:00Z,Undergraduate,1,NA,NA,NA,NA,NA,NA,NA,NA,NA,5,Yes
2025-08-19T12:51:08Z,2025-08-19T00:00:00Z,Undergraduate,NA,NA,1,NA,NA,1,NA,NA,NA,NA,5,No
2025-08-19T12:51:53Z,2025-08-19T00:00:00Z,Undergraduate,NA,1,NA,NA,NA,NA,NA,NA,NA,1,5,No
2025-08-19T14:00:43Z,2025-08-19T00:00:00Z,Graduate,3,NA,NA,1,NA,1,1,NA,NA,NA,5,Yes
2025-08-19T14:01:20Z,2025-08-19T00:00:00Z,Undergraduate,NA,NA,NA,NA,NA,NA,1,NA,NA,1,5,No
2025-08-19T14:01:27Z,2025-08-19T00:00:00Z,Undergraduate,NA,NA,2,1,NA,NA,NA,NA,1,NA,5,No
2025-08-19T14:01:34Z,2025-08-19T00:00:00Z,Undergraduate,NA,NA,NA,1,NA,NA,NA,NA,NA,1,5,No
2025-08-19T14:08:50Z,2025-08-19T00:00:00Z,Undergraduate,2,NA,NA,NA,NA,NA,NA,NA,NA,NA,5,No
2025-08-19T14:35:36Z,2025-08-19T00:00:00Z,Graduate,3,NA,1,NA,NA,NA,NA,1,NA,NA,5,Yes
2025-08-19T14:35:42Z,2025-08-19T00:00:00Z,Graduate,2,NA,1,NA,NA,1,NA,1,NA,NA,5,Yes
2025-08-29T10:35:41Z,2025-08-29T00:00:00Z,Undergraduate,NA,NA,NA,1,NA,NA,NA,NA,1,NA,5,No
2025-08-29T10:51:21Z,2025-08-29T00:00:00Z,Graduate,NA,NA,NA,2,NA,1,1,1,NA,NA,5,Yes
2025-08-29T11:06:45Z,2025-08-29T00:00:00Z,Undergraduate,NA,NA,NA,NA,NA,NA,NA,NA,NA,1,4,No
2025-08-29T11:07:01Z,2025-08-29T00:00:00Z,Undergraduate,NA,NA,NA,1,NA,NA,NA,NA,NA,NA,5,Yes
2025-08-29T11:21:23Z,2025-08-29T00:00:00Z,Undergraduate,3,NA,2,NA,2,NA,NA,NA,NA,1,5,Yes
2025-08-29T11:29:16Z,2025-08-29T00:00:00Z,Undergraduate,2,NA,NA,1,NA,NA,NA,NA,NA,NA,5,No
2025-08-29T11:31:45Z,2025-08-29T00:00:00Z,Undergraduate,1,NA,NA,NA,1,1,2,NA,NA,NA,5,No
2025-08-29T11:36:34Z,2025-08-29T00:00:00Z,Undergraduate,NA,NA,1,NA,NA,NA,NA,NA,NA,NA,4,Donated at blue bin
2025-08-29T11:47:52Z,2025-08-29T00:00:00Z,Undergraduate,NA,NA,NA,NA,NA,1,NA,NA,NA,NA,5,No
2025-08-29T11:49:03Z,2025-08-29T00:00:00Z,Undergraduate,1,NA,NA,NA,NA,NA,NA,NA,NA,1,5,No
2025-08-29T11:52:38Z,2025-08-29T00:00:00Z,Undergraduate,NA,NA,NA,2,NA,NA,NA,1,NA,NA,5,No
2025-08-29T12:27:27Z,2025-08-29T00:00:00Z,Undergraduate,2,NA,NA,NA,NA,NA,NA,NA,NA,NA,5,Yes
2025-08-29T12:30:49Z,2025-08-29T00:00:00Z,Undergraduate,NA,NA,NA,1,NA,NA,NA,NA,NA,NA,5,No
2025-08-29T12:37:30Z,2025-08-29T00:00:00Z,Undergraduate,NA,NA,NA,NA,NA,NA,NA,1,NA,NA,5,Yes
2025-08-29T12:49:18Z,2025-08-29T00:00:00Z,Undergraduate,NA,NA,3,NA,NA,NA,NA,NA,NA,NA,5,No
2025-08-29T12:54:46Z,2025-08-29T00:00:00Z,Undergraduate,NA,NA,NA,2,NA,2,NA,1,1,NA,5,No
2025-08-29T13:01:09Z,2025-08-29T00:00:00Z,Undergraduate,1,NA,NA,NA,NA,NA,NA,NA,NA,NA,5,No
2025-08-29T13:01:30Z,2025-08-29T00:00:00Z,Undergraduate,NA,NA,1,NA,NA,NA,NA,NA,1,NA,5,No
2025-08-29T13:19:13Z,2025-08-29T00:00:00Z,Undergraduate,4,NA,NA,NA,3,NA,2,NA,1,NA,5,Yes
2025-08-29T13:27:34Z,2025-08-29T00:00:00Z,Undergraduate,5,1,NA,3,NA,NA,NA,1,NA,NA,4,Yes
2025-08-29T13:29:23Z,2025-08-29T00:00:00Z,Graduate,NA,NA,NA,2,NA,NA,NA,NA,NA,NA,5,No
2025-08-29T13:32:51Z,2025-08-29T00:00:00Z,Undergraduate,2,NA,NA,1,NA,NA,NA,NA,NA,1,5,No
2025-08-29T13:33:25Z,2025-08-29T00:00:00Z,Undergraduate,3,NA,NA,NA,1,NA,NA,1,NA,NA,5,Yes
2025-08-29T13:48:40Z,2025-08-29T00:00:00Z,Undergraduate,NA,NA,NA,NA,NA,1,NA,NA,NA,NA,3,Yes
2025-08-29T13:53:59Z,2025-08-29T00:00:00Z,Undergraduate,3,3,2,1,NA,NA,NA,NA,1,NA,5,Yes
2025-08-29T13:55:51Z,2025-08-29T00:00:00Z,Undergraduate,NA,NA,NA,3,NA,NA,NA,2,NA,NA,5,No
2025-08-29T13:59:30Z,2025-08-29T00:00:00Z,Undergraduate,3,NA,NA,2,1,NA,NA,NA,NA,NA,5,No
2025-08-29T14:09:12Z,2025-08-29T00:00:00Z,Undergraduate,4,NA,NA,NA,NA,1,NA,NA,NA,NA,5,Donated at blue bin
2025-08-29T14:10:42Z,2025-08-29T00:00:00Z,Undergraduate,2,NA,NA,NA,NA,NA,NA,NA,NA,NA,5,No
2025-08-29T14:12:35Z,2025-08-29T00:00:00Z,Undergraduate,3,NA,NA,NA,NA,1,2,NA,NA,NA,5,Donated at blue bin
2025-08-29T14:25:58Z,2025-08-29T00:00:00Z,Undergraduate,NA,NA,1,NA,NA,NA,NA,NA,NA,NA,5,No
2025-08-29T14:26:32Z,2025-08-29T00:00:00Z,Undergraduate,1,NA,NA,NA,NA,NA,NA,NA,NA,NA,5,No
2025-08-29T14:27:44Z,2025-08-29T00:00:00Z,Undergraduate,1,NA,NA,NA,NA,NA,NA,NA,NA,NA,5,No
2025-08-29T14:30:24Z,2025-08-29T00:00:00Z,Undergraduate,1,NA,1,1,NA,NA,NA,NA,NA,NA,5,No
2025-08-29T14:30:29Z,2025-08-29T00:00:00Z,Undergraduate,2,NA,NA,1,NA,NA,NA,NA,NA,NA,5,Yes
2025-08-29T14:33:19Z,2025-08-29T00:00:00Z,Graduate,1,NA,1,1,NA,NA,NA,NA,NA,NA,5,No
2025-08-29T14:36:24Z,2025-08-29T00:00:00Z,Undergraduate,5,NA,NA,NA,NA,1,NA,NA,NA,NA,5,Yes
2025-08-29T14:38:17Z,2025-08-29T00:00:00Z,Undergraduate,NA,NA,2,NA,NA,NA,1,NA,NA,NA,5,No
2025-08-29T14:39:09Z,2025-08-29T00:00:00Z,Undergraduate,2,NA,1,NA,NA,NA,NA,NA,NA,NA,5,Donated at blue bin
2025-08-29T14:40:10Z,2025-08-29T00:00:00Z,Undergraduate,1,1,NA,NA,NA,NA,NA,NA,NA,NA,5,No
2025-08-29T14:40:50Z,2025-08-29T00:00:00Z,Undergraduate,NA,NA,NA,NA,NA,NA,NA,NA,NA,1,5,No
2025-08-29T14:43:23Z,2025-08-29T00:00:00Z,Undergraduate,NA,NA,NA,NA,1,NA,2,1,NA,NA,5,Yes
2025-08-29T14:44:05Z,2025-08-29T00:00:00Z,Undergraduate,1,NA,1,2,NA,NA,NA,1,NA,NA,5,Yes
2025-08-29T14:47:00Z,2025-08-29T00:00:00Z,Undergraduate,1,NA,NA,NA,1,NA,NA,NA,NA,1,5,No
2025-08-29T14:50:49Z,2025-08-29T00:00:00Z,Undergraduate,NA,NA,1,NA,NA,NA,NA,NA,NA,NA,5,No
2025-08-29T15:03:24Z,2025-08-29T00:00:00Z,Undergraduate,1,NA,NA,NA,NA,NA,NA,NA,NA,NA,5,No
2025-08-29T15:03:59Z,2025-08-29T00:00:00Z,Undergraduate,1,NA,NA,NA,NA,NA,NA,1,NA,NA,5,No
2025-08-29T15:10:07Z,2025-08-29T00:00:00Z,Undergraduate,2,NA,NA,NA,NA,NA,NA,NA,NA,NA,5,No
2025-08-29T15:10:21Z,2025-08-29T00:00:00Z,Undergraduate,3,NA,NA,NA,NA,NA,NA,NA,NA,NA,5,No
2025-08-29T15:11:08Z,2025-08-29T00:00:00Z,Undergraduate,1,NA,NA,1,NA,NA,1,NA,NA,NA,5,No
2025-08-29T15:11:34Z,2025-08-29T00:00:00Z,Undergraduate,NA,NA,NA,NA,NA,NA,1,NA,NA,NA,5,Donated at blue bin
2025-08-29T15:13:27Z,2025-08-29T00:00:00Z,Undergraduate,1,NA,NA,NA,NA,NA,NA,NA,NA,NA,5,No
2025-08-29T15:14:56Z,2025-08-29T00:00:00Z,Graduate,NA,1,NA,NA,NA,NA,NA,NA,NA,NA,5,Yes
2025-08-29T15:51:44Z,2025-08-29T00:00:00Z,Undergraduate,NA,NA,NA,1,NA,NA,NA,NA,NA,1,5,Yes
2025-08-29T15:52:36Z,2025-08-29T00:00:00Z,Undergraduate,NA,NA,NA,NA,NA,NA,1,NA,NA,NA,5,No
2025-08-29T15:57:20Z,2025-08-29T00:00:00Z,Undergraduate,1,NA,NA,NA,NA,NA,1,NA,NA,NA,5,Yes
2025-08-29T16:00:48Z,2025-08-29T00:00:00Z,Undergraduate,1,NA,NA,NA,NA,NA,NA,1,NA,NA,5,No
2025-08-29T16:01:24Z,2025-08-29T00:00:00Z,Graduate,1,NA,NA,NA,NA,NA,NA,NA,NA,1,5,No
2025-09-05T10:11:30Z,2025-09-05T00:00:00Z,Undergraduate,1,NA,NA,NA,NA,NA,NA,NA,NA,NA,5,No
2025-09-05T10:37:41Z,2025-09-05T00:00:00Z,Undergraduate,NA,1,NA,NA,NA,NA,NA,NA,NA,NA,5,No
2025-09-05T11:17:50Z,2025-09-05T00:00:00Z,Undergraduate,1,NA,NA,NA,NA,1,NA,NA,1,NA,5,No
2025-09-05T12:26:01Z,2025-09-05T00:00:00Z,Undergraduate,NA,NA,NA,NA,1,NA,NA,NA,NA,NA,5,No
2025-09-05T12:26:13Z,2025-09-05T00:00:00Z,Undergraduate,3,NA,NA,NA,NA,NA,NA,NA,NA,NA,5,Donated at blue bin
2025-09-05T12:26:45Z,2025-09-05T00:00:00Z,Undergraduate,1,1,2,NA,NA,NA,NA,NA,NA,NA,4,No
2025-09-05T12:27:03Z,2025-09-05T00:00:00Z,Graduate,1,NA,2,1,1,1,NA,NA,NA,NA,5,Yes
2025-09-05T12:37:26Z,2025-09-05T00:00:00Z,Undergraduate,NA,NA,1,NA,NA,NA,NA,NA,NA,NA,4,Yes
2025-09-05T12:43:39Z,2025-09-05T00:00:00Z,Undergraduate,2,NA,NA,2,NA,NA,1,NA,NA,2,5,No
2025-09-05T12:49:13Z,2025-09-05T00:00:00Z,Undergraduate,1,NA,NA,NA,NA,NA,NA,NA,NA,2,5,No
2025-09-05T12:50:22Z,2025-09-05T00:00:00Z,Undergraduate,NA,1,2,NA,NA,NA,NA,1,NA,NA,5,No
2025-09-05T12:52:20Z,2025-09-05T00:00:00Z,Undergraduate,1,NA,NA,2,2,NA,NA,2,NA,1,5,Yes
2025-09-05T13:13:28Z,2025-09-05T00:00:00Z,Undergraduate,NA,NA,2,NA,NA,NA,NA,1,NA,NA,5,Yes
2025-09-05T13:26:40Z,2025-09-05T00:00:00Z,Undergraduate,1,1,1,NA,NA,NA,NA,NA,NA,NA,5,Yes
2025-09-05T13:45:27Z,2025-09-05T00:00:00Z,Undergraduate,NA,NA,NA,NA,NA,2,NA,NA,NA,NA,5,No
2025-09-05T13:45:32Z,2025-09-05T00:00:00Z,Undergraduate,1,NA,NA,NA,NA,NA,NA,NA,NA,NA,5,No
2025-09-05T13:53:40Z,2025-09-05T00:00:00Z,Undergraduate,NA,NA,1,NA,NA,NA,NA,NA,NA,NA,5,No
2025-09-05T13:54:40Z,2025-09-05T00:00:00Z,Undergraduate,1,NA,1,NA,1,NA,NA,NA,NA,NA,5,No
2025-09-05T13:58:07Z,2025-09-05T00:00:00Z,Undergraduate,NA,1,NA,1,NA,NA,NA,NA,NA,NA,5,No
2025-09-05T14:00:07Z,2025-09-05T00:00:00Z,Undergraduate,NA,NA,NA,NA,NA,NA,NA,1,NA,NA,5,No
2025-09-05T14:04:11Z,2025-09-05T00:00:00Z,Undergraduate,NA,NA,2,NA,1,NA,NA,NA,NA,NA,5,Yes
2025-09-05T14:16:06Z,2025-09-05T00:00:00Z,Undergraduate,1,NA,NA,1,NA,NA,NA,1,NA,NA,5,Donated at blue bin
2025-09-05T14:17:32Z,2025-09-05T00:00:00Z,Undergraduate,2,NA,NA,3,NA,NA,NA,NA,NA,NA,5,No
2025-09-05T14:19:13Z,2025-09-05T00:00:00Z,Undergraduate,NA,NA,NA,NA,NA,NA,1,NA,NA,NA,5,No
2025-09-05T14:24:05Z,2025-09-05T00:00:00Z,Undergraduate,1,1,1,NA,NA,NA,NA,NA,NA,1,5,Yes
2025-09-05T14:25:45Z,2025-09-05T00:00:00Z,Undergraduate,NA,1,NA,NA,NA,NA,NA,NA,NA,NA,5,No
2025-09-05T14:26:23Z,2025-09-05T00:00:00Z,Undergraduate,1,NA,1,NA,NA,NA,NA,NA,NA,NA,5,Yes
2025-09-05T14:28:28Z,2025-09-05T00:00:00Z,Undergraduate,2,NA,1,NA,NA,NA,NA,NA,NA,NA,5,No
2025-09-05T14:43:45Z,2025-09-05T00:00:00Z,Undergraduate,2,NA,NA,NA,NA,NA,3,NA,NA,NA,5,No
2025-09-05T14:44:41Z,2025-09-05T00:00:00Z,Undergraduate,2,NA,NA,NA,NA,NA,2,NA,NA,NA,5,No
2025-09-05T14:47:03Z,2025-09-05T00:00:00Z,Undergraduate,NA,NA,1,NA,NA,NA,NA,NA,NA,NA,4,No
2025-09-05T14:51:04Z,2025-09-05T00:00:00Z,Undergraduate,1,NA,1,NA,NA,NA,NA,NA,NA,NA,5,No
2025-09-05T14:51:50Z,2025-09-05T00:00:00Z,Undergraduate,2,NA,NA,NA,NA,NA,NA,NA,NA,NA,5,Donated at blue bin
2025-09-05T14:53:56Z,2025-09-05T00:00:00Z,Graduate,NA,NA,NA,NA,NA,NA,NA,NA,1,NA,5,No
2025-09-05T14:57:59Z,2025-09-05T00:00:00Z,Undergraduate,3,NA,NA,NA,NA,NA,1,NA,NA,NA,5,No
2025-09-05T15:10:33Z,2025-09-05T00:00:00Z,Undergraduate,NA,NA,1,NA,NA,NA,NA,NA,NA,NA,5,No
2025-09-05T15:12:23Z,2025-09-05T00:00:00Z,Undergraduate,NA,NA,NA,NA,NA,NA,NA,1,NA,NA,5,Yes
2025-09-05T15:36:10Z,2025-09-05T00:00:00Z,Undergraduate,NA,1,NA,NA,NA,NA,NA,NA,NA,NA,5,No
2025-09-05T15:51:54Z,2025-09-05T00:00:00Z,Undergraduate,1,NA,3,NA,NA,NA,NA,NA,NA,NA,5,Yes
2025-09-05T15:54:45Z,2025-09-05T00:00:00Z,Undergraduate,NA,NA,1,NA,NA,NA,NA,NA,NA,NA,5,No
2025-09-12T10:07:18Z,2025-09-12T00:00:00Z,Undergraduate,NA,NA,NA,NA,NA,NA,NA,1,NA,NA,5,Yes
2025-09-12T11:18:08Z,2025-09-12T00:00:00Z,Undergraduate,NA,NA,3,NA,NA,NA,NA,NA,NA,NA,5,No
2025-09-12T11:19:01Z,2025-09-12T00:00:00Z,Undergraduate,3,NA,NA,1,NA,NA,NA,NA,NA,NA,5,No
2025-09-12T11:36:52Z,2025-09-12T00:00:00Z,Undergraduate,1,NA,NA,1,NA,NA,NA,NA,NA,NA,5,Yes
2025-09-12T11:37:34Z,2025-09-12T00:00:00Z,Undergraduate,1,NA,1,NA,NA,NA,NA,NA,NA,NA,5,Yes
2025-09-12T11:40:23Z,2025-09-12T00:00:00Z,Undergraduate,1,NA,NA,NA,NA,NA,NA,NA,NA,NA,5,No
2025-09-12T11:49:30Z,2025-09-12T00:00:00Z,Undergraduate,1,1,NA,1,NA,1,NA,NA,NA,NA,5,No
2025-09-12T11:57:06Z,2025-09-12T00:00:00Z,Undergraduate,1,NA,NA,NA,NA,NA,1,NA,NA,NA,5,No
2025-09-12T12:10:11Z,2025-09-12T00:00:00Z,Undergraduate,NA,NA,2,1,NA,NA,NA,NA,NA,NA,5,No
2025-09-12T12:11:25Z,2025-09-12T00:00:00Z,Undergraduate,1,NA,NA,NA,NA,NA,NA,1,NA,NA,4,No
2025-09-12T12:21:08Z,2025-09-12T00:00:00Z,Graduate,NA,NA,1,1,NA,NA,NA,NA,NA,NA,5,Yes
2025-09-12T12:40:19Z,2025-09-12T00:00:00Z,Undergraduate,1,NA,NA,NA,NA,NA,NA,NA,NA,1,5,Yes
2025-09-12T12:51:26Z,2025-09-12T00:00:00Z,Graduate,1,NA,NA,NA,NA,NA,NA,NA,NA,NA,5,Donated at blue bin
2025-09-12T12:51:46Z,2025-09-12T00:00:00Z,Undergraduate,1,NA,NA,NA,NA,NA,NA,2,NA,NA,5,No
2025-09-12T13:01:55Z,2025-09-12T00:00:00Z,Undergraduate,1,NA,NA,NA,1,NA,NA,1,NA,NA,5,No
2025-09-12T13:03:07Z,2025-09-12T00:00:00Z,Undergraduate,1,NA,1,NA,1,NA,1,NA,NA,NA,5,Yes
2025-09-12T13:04:04Z,2025-09-12T00:00:00Z,Undergraduate,2,NA,2,NA,NA,NA,NA,NA,NA,NA,5,No
2025-09-12T13:05:07Z,2025-09-12T00:00:00Z,Undergraduate,4,NA,1,NA,NA,NA,NA,NA,NA,NA,5,No
2025-09-12T13:12:24Z,2025-09-12T00:00:00Z,Undergraduate,1,NA,NA,NA,NA,NA,NA,NA,NA,NA,5,No
2025-09-12T13:14:50Z,2025-09-12T00:00:00Z,Undergraduate,NA,1,1,NA,NA,NA,NA,NA,NA,NA,5,Donated at blue bin
2025-09-12T13:18:48Z,2025-09-12T00:00:00Z,Undergraduate,1,NA,NA,NA,NA,NA,NA,NA,2,NA,5,No
2025-09-12T13:31:22Z,2025-09-12T00:00:00Z,Undergraduate,NA,1,1,NA,1,NA,NA,NA,NA,NA,5,No
2025-09-12T13:31:50Z,2025-09-12T00:00:00Z,Undergraduate,1,2,NA,NA,1,NA,NA,NA,NA,NA,5,No
2025-09-12T13:34:26Z,2025-09-12T00:00:00Z,Undergraduate,1,NA,NA,NA,NA,NA,NA,NA,NA,NA,5,Yes
2025-09-12T13:39:56Z,2025-09-12T00:00:00Z,Undergraduate,NA,1,NA,NA,NA,NA,2,NA,NA,NA,5,Donated at blue bin
2025-09-12T13:43:27Z,2025-09-12T00:00:00Z,Undergraduate,NA,NA,1,NA,NA,NA,NA,NA,NA,NA,5,Yes
2025-09-12T13:44:14Z,2025-09-12T00:00:00Z,Undergraduate,NA,NA,1,NA,NA,NA,NA,NA,NA,NA,4,No
2025-09-12T13:44:37Z,2025-09-12T00:00:00Z,Undergraduate,NA,NA,NA,1,NA,NA,NA,NA,NA,NA,4,No
2025-09-12T13:46:03Z,2025-09-12T00:00:00Z,Undergraduate,2,NA,NA,NA,1,1,NA,NA,NA,1,5,No
2025-09-12T13:46:56Z,2025-09-12T00:00:00Z,Undergraduate,1,3,1,NA,NA,NA,NA,NA,NA,NA,5,Yes
2025-09-12T13:47:52Z,2025-09-12T00:00:00Z,Undergraduate,NA,NA,NA,NA,NA,NA,NA,NA,NA,1,5,Yes
2025-09-12T13:58:26Z,2025-09-12T00:00:00Z,Graduate,4,NA,NA,2,NA,NA,1,1,NA,NA,5,Donated at blue bin
2025-09-12T14:17:51Z,2025-09-12T00:00:00Z,Undergraduate,1,NA,NA,3,NA,NA,NA,NA,NA,NA,5,No
2025-09-12T14:20:31Z,2025-09-12T00:00:00Z,Undergraduate,NA,NA,1,1,NA,NA,NA,NA,NA,NA,5,No
2025-09-12T14:21:20Z,2025-09-12T00:00:00Z,Undergraduate,1,NA,NA,NA,NA,NA,NA,NA,NA,NA,5,Yes
2025-09-12T14:22:38Z,2025-09-12T00:00:00Z,Undergraduate,1,NA,NA,1,NA,NA,NA,NA,NA,NA,5,Yes
2025-09-12T14:23:34Z,2025-09-12T00:00:00Z,Undergraduate,2,NA,1,2,NA,1,NA,NA,2,NA,5,Yes
2025-09-12T14:41:03Z,2025-09-12T00:00:00Z,Undergraduate,NA,NA,2,NA,NA,1,NA,NA,NA,NA,5,Donated at blue bin
2025-09-12T14:45:55Z,2025-09-12T00:00:00Z,Undergraduate,NA,1,NA,1,NA,NA,NA,NA,NA,NA,5,Yes
2025-09-12T14:46:37Z,2025-09-12T00:00:00Z,Undergraduate,NA,1,NA,1,NA,NA,NA,NA,NA,NA,5,Donated at blue bin
2025-09-12T14:47:24Z,2025-09-12T00:00:00Z,Undergraduate,NA,NA,NA,NA,NA,NA,NA,1,NA,NA,5,No
2025-09-12T14:47:37Z,2025-09-12T00:00:00Z,Undergraduate,NA,NA,NA,NA,NA,NA,NA,NA,1,NA,5,No
2025-09-12T14:54:42Z,2025-09-12T00:00:00Z,Undergraduate,2,NA,NA,1,NA,NA,NA,NA,NA,NA,5,No
2025-09-12T15:00:31Z,2025-09-12T00:00:00Z,Undergraduate,2,NA,NA,NA,NA,NA,NA,NA,NA,NA,5,No
2025-09-12T15:00:44Z,2025-09-12T00:00:00Z,Undergraduate,2,NA,NA,NA,NA,NA,NA,NA,NA,NA,5,No
2025-09-12T15:04:31Z,2025-09-12T00:00:00Z,Undergraduate,NA,NA,NA,2,NA,NA,NA,NA,NA,NA,5,Yes
2025-09-12T15:06:14Z,2025-09-12T00:00:00Z,Undergraduate,3,NA,2,4,NA,3,NA,NA,NA,NA,5,Yes
2025-09-12T15:13:22Z,2025-09-12T00:00:00Z,Undergraduate,NA,NA,NA,1,NA,NA,NA,NA,NA,NA,5,No
2025-09-12T15:25:43Z,2025-09-12T00:00:00Z,Graduate,4,2,NA,3,NA,NA,NA,NA,NA,NA,5,Yes
2025-09-12T15:34:22Z,2025-09-12T00:00:00Z,Graduate,NA,NA,3,NA,1,NA,2,NA,NA,NA,5,Donated at blue bin
2025-09-12T15:34:58Z,2025-09-12T00:00:00Z,Graduate,1,1,1,NA,NA,NA,NA,NA,NA,NA,5,Yes
2025-09-12T15:40:59Z,2025-09-12T00:00:00Z,Undergraduate,NA,NA,NA,1,NA,NA,NA,NA,NA,NA,5,No
2025-09-12T15:47:56Z,2025-09-12T00:00:00Z,Undergraduate,2,1,NA,NA,NA,NA,NA,NA,NA,NA,5,No
2025-09-12T15:49:01Z,2025-09-12T00:00:00Z,Non-GW-affiliated community member,NA,NA,1,NA,NA,NA,NA,NA,NA,NA,5,No
2025-09-12T15:49:58Z,2025-09-12T00:00:00Z,Undergraduate,1,1,1,NA,NA,NA,NA,NA,NA,NA,5,No
2025-09-12T15:58:07Z,2025-09-12T00:00:00Z,Undergraduate,2,NA,NA,1,NA,NA,NA,NA,NA,NA,5,Yes
2025-09-12T15:58:49Z,2025-09-12T00:00:00Z,Undergraduate,1,NA,NA,NA,NA,NA,NA,NA,NA,NA,5,No
2025-09-12T16:04:24Z,2025-09-12T00:00:00Z,Undergraduate,1,NA,2,NA,1,NA,NA,NA,NA,NA,5,Yes
2025-09-19T10:08:31Z,2025-09-19T00:00:00Z,Undergraduate,NA,1,NA,NA,NA,NA,NA,NA,NA,NA,5,No
2025-09-19T10:31:47Z,2025-09-19T00:00:00Z,Undergraduate,NA,NA,NA,NA,NA,NA,NA,NA,NA,1,5,No
2025-09-19T10:32:17Z,2025-09-19T00:00:00Z,Undergraduate,NA,NA,3,1,NA,NA,NA,NA,NA,NA,5,No
2025-09-19T10:34:03Z,2025-09-19T00:00:00Z,Undergraduate,1,NA,2,NA,NA,NA,NA,NA,1,NA,5,No
2025-09-19T10:35:00Z,2025-09-19T00:00:00Z,Undergraduate,2,NA,1,NA,NA,1,NA,NA,NA,NA,5,Yes
2025-09-19T10:35:39Z,2025-09-19T00:00:00Z,Undergraduate,1,NA,NA,NA,2,NA,NA,NA,NA,NA,5,No
2025-09-19T10:46:44Z,2025-09-19T00:00:00Z,Undergraduate,1,NA,NA,1,NA,NA,NA,NA,NA,NA,5,Yes
2025-09-19T10:52:20Z,2025-09-19T00:00:00Z,Undergraduate,NA,NA,NA,NA,NA,NA,NA,NA,1,NA,5,Yes
2025-09-19T10:58:10Z,2025-09-19T00:00:00Z,Undergraduate,NA,NA,1,NA,NA,NA,NA,NA,NA,NA,5,Yes
2025-09-19T11:29:01Z,2025-09-19T00:00:00Z,Undergraduate,3,NA,NA,NA,NA,NA,1,1,NA,NA,5,No
2025-09-19T11:30:04Z,2025-09-19T00:00:00Z,Undergraduate,1,NA,NA,1,NA,NA,NA,NA,NA,NA,5,No
2025-09-19T11:31:56Z,2025-09-19T00:00:00Z,Undergraduate,4,NA,NA,NA,NA,NA,1,NA,NA,NA,5,No
2025-09-19T11:39:21Z,2025-09-19T00:00:00Z,Undergraduate,NA,2,NA,1,NA,NA,NA,NA,NA,NA,5,No
2025-09-19T11:47:48Z,2025-09-19T00:00:00Z,Undergraduate,NA,NA,NA,1,NA,NA,NA,NA,NA,NA,5,Donated at blue bin
2025-09-19T11:56:37Z,2025-09-19T00:00:00Z,Graduate,4,NA,NA,NA,1,NA,1,NA,NA,NA,5,Yes
2025-09-19T12:15:32Z,2025-09-19T00:00:00Z,Undergraduate,NA,NA,2,NA,NA,NA,NA,NA,NA,NA,5,No
2025-09-19T12:16:33Z,2025-09-19T00:00:00Z,Undergraduate,1,1,1,1,1,1,1,1,1,1,5,No
2025-09-19T12:19:05Z,2025-09-19T00:00:00Z,Undergraduate,NA,NA,NA,NA,2,NA,3,NA,NA,NA,5,Yes
2025-09-19T12:28:54Z,2025-09-19T00:00:00Z,Staff,1,NA,1,1,NA,NA,NA,NA,NA,NA,5,Donated at blue bin
2025-09-19T12:29:32Z,2025-09-19T00:00:00Z,Staff,NA,NA,NA,1,1,NA,NA,NA,NA,NA,5,Donated at blue bin
2025-09-19T12:30:28Z,2025-09-19T00:00:00Z,Undergraduate,2,NA,NA,1,NA,NA,NA,NA,NA,1,5,Yes
2025-09-19T12:41:38Z,2025-09-19T00:00:00Z,Undergraduate,NA,1,NA,1,NA,NA,NA,NA,NA,NA,5,No
2025-09-19T12:43:08Z,2025-09-19T00:00:00Z,Undergraduate,NA,NA,NA,NA,NA,1,NA,NA,NA,NA,5,No
2025-09-19T12:53:01Z,2025-09-19T00:00:00Z,Undergraduate,1,NA,NA,1,NA,NA,NA,NA,NA,NA,5,Yes
2025-09-19T12:56:33Z,2025-09-19T00:00:00Z,Undergraduate,NA,1,NA,1,NA,1,NA,NA,NA,NA,5,Yes
2025-09-19T12:57:52Z,2025-09-19T00:00:00Z,Undergraduate,NA,1,NA,NA,NA,NA,1,NA,NA,NA,5,Yes
2025-09-19T13:00:23Z,2025-09-19T00:00:00Z,Undergraduate,1,NA,NA,NA,NA,NA,NA,NA,NA,NA,5,No
2025-09-19T13:11:56Z,2025-09-19T00:00:00Z,Undergraduate,NA,1,NA,NA,NA,NA,NA,1,NA,NA,5,Yes
2025-09-19T13:22:10Z,2025-09-19T00:00:00Z,Undergraduate,NA,NA,NA,NA,1,NA,NA,NA,NA,NA,5,No
2025-09-19T13:22:48Z,2025-09-19T00:00:00Z,Undergraduate,1,NA,NA,NA,NA,1,NA,NA,NA,NA,5,No
2025-09-19T13:25:05Z,2025-09-19T00:00:00Z,Undergraduate,1,NA,NA,NA,NA,NA,NA,1,NA,NA,5,Donated at blue bin
2025-09-19T13:34:08Z,2025-09-19T00:00:00Z,Undergraduate,2,NA,NA,NA,NA,NA,NA,NA,1,NA,5,Yes
2025-09-19T13:34:40Z,2025-09-19T00:00:00Z,Undergraduate,NA,NA,NA,1,NA,NA,NA,NA,NA,NA,5,No
2025-09-19T13:35:41Z,2025-09-19T00:00:00Z,Undergraduate,1,NA,NA,NA,NA,NA,NA,NA,NA,NA,5,Yes
2025-09-19T13:36:02Z,2025-09-19T00:00:00Z,Undergraduate,NA,NA,NA,1,NA,NA,1,NA,NA,NA,5,Yes
2025-09-19T13:36:57Z,2025-09-19T00:00:00Z,Undergraduate,2,NA,NA,NA,NA,2,NA,NA,NA,NA,5,Donated at blue bin
2025-09-19T13:37:31Z,2025-09-19T00:00:00Z,Undergraduate,1,NA,NA,1,NA,NA,NA,NA,NA,3,5,No
2025-09-19T13:38:03Z,2025-09-19T00:00:00Z,Undergraduate,NA,NA,NA,1,1,NA,NA,NA,NA,NA,5,Yes
2025-09-19T13:38:52Z,2025-09-19T00:00:00Z,Undergraduate,NA,NA,NA,NA,1,NA,1,NA,NA,NA,5,No
2025-09-19T13:39:23Z,2025-09-19T00:00:00Z,Undergraduate,NA,1,1,NA,NA,NA,NA,NA,NA,NA,5,No
2025-09-19T13:39:49Z,2025-09-19T00:00:00Z,Undergraduate,1,1,2,NA,NA,NA,NA,NA,NA,NA,5,No
2025-09-19T13:40:55Z,2025-09-19T00:00:00Z,Undergraduate,NA,3,1,2,NA,NA,NA,NA,NA,NA,5,Yes
2025-09-19T13:42:57Z,2025-09-19T00:00:00Z,Undergraduate,1,NA,NA,NA,NA,1,1,NA,NA,NA,5,No
2025-09-19T13:44:13Z,2025-09-19T00:00:00Z,Undergraduate,NA,1,NA,1,NA,NA,NA,NA,NA,NA,5,No
2025-09-19T13:45:55Z,2025-09-19T00:00:00Z,Undergraduate,NA,NA,2,NA,NA,NA,NA,NA,NA,1,5,No
2025-09-19T14:06:39Z,2025-09-19T00:00:00Z,Undergraduate,NA,2,NA,NA,NA,NA,NA,NA,NA,NA,5,No
2025-09-19T14:07:41Z,2025-09-19T00:00:00Z,Undergraduate,NA,NA,NA,NA,NA,NA,NA,NA,NA,1,5,No
2025-09-19T14:07:41Z,2025-09-19T00:00:00Z,Undergraduate,NA,NA,NA,NA,NA,NA,NA,NA,NA,1,4,No
2025-09-19T14:38:00Z,2025-09-19T00:00:00Z,Undergraduate,2,NA,NA,NA,NA,NA,NA,NA,NA,NA,5,No
2025-09-19T14:39:54Z,2025-09-19T00:00:00Z,Undergraduate,1,NA,NA,NA,NA,NA,NA,NA,NA,NA,5,No
2025-09-19T14:42:22Z,2025-09-19T00:00:00Z,Undergraduate,NA,NA,1,NA,NA,NA,NA,NA,NA,NA,5,Yes
2025-09-19T14:44:15Z,2025-09-19T00:00:00Z,Undergraduate,NA,NA,1,NA,NA,NA,2,NA,NA,NA,5,Yes
2025-09-19T14:45:02Z,2025-09-19T00:00:00Z,Undergraduate,3,NA,NA,NA,NA,NA,NA,NA,NA,NA,5,Yes
2025-09-19T14:52:22Z,2025-09-19T00:00:00Z,Undergraduate,NA,2,NA,NA,NA,NA,1,NA,NA,NA,5,No
2025-09-19T14:56:55Z,2025-09-19T00:00:00Z,Undergraduate,2,1,NA,1,NA,1,NA,1,NA,NA,5,Yes
2025-09-19T15:03:44Z,2025-09-19T00:00:00Z,Undergraduate,5,NA,NA,3,NA,NA,NA,NA,NA,1,5,Donated at blue bin
2025-09-19T15:05:21Z,2025-09-19T00:00:00Z,Undergraduate,NA,NA,NA,NA,NA,NA,NA,1,NA,NA,5,No
2025-09-19T15:17:20Z,2025-09-19T00:00:00Z,Undergraduate,NA,NA,NA,NA,NA,NA,NA,NA,NA,1,5,No
2025-09-19T15:30:44Z,2025-09-19T00:00:00Z,Staff,2,NA,3,1,NA,NA,NA,2,NA,NA,5,Donated at blue bin
2025-09-19T15:31:28Z,2025-09-19T00:00:00Z,Undergraduate,NA,NA,NA,NA,NA,NA,1,NA,NA,NA,5,No
2025-09-19T15:38:26Z,2025-09-19T00:00:00Z,Undergraduate,4,NA,NA,NA,NA,NA,NA,NA,NA,NA,5,No
2025-09-19T15:54:08Z,2025-09-19T00:00:00Z,Undergraduate,NA,NA,NA,1,NA,NA,NA,NA,NA,NA,5,No
2025-09-19T16:02:51Z,2025-09-19T00:00:00Z,Undergraduate,1,NA,NA,NA,NA,NA,NA,NA,NA,NA,5,No
2025-09-19T16:03:27Z,2025-09-19T00:00:00Z,Undergraduate,NA,NA,1,NA,NA,NA,NA,NA,NA,NA,5,No
2025-09-19T16:03:40Z,2025-09-19T00:00:00Z,Undergraduate,1,NA,NA,NA,NA,NA,NA,NA,NA,NA,5,No
2025-09-19T16:03:54Z,2025-09-19T00:00:00Z,Undergraduate,1,NA,NA,2,NA,NA,NA,NA,NA,NA,5,No
2025-09-19T16:11:32Z,2025-09-19T00:00:00Z,Undergraduate,NA,2,NA,NA,NA,NA,NA,NA,NA,NA,5,No
2025-09-25T16:23:30Z,2025-09-25T00:00:00Z,Undergraduate,1,NA,NA,NA,NA,NA,NA,NA,NA,NA,5,No
2025-09-25T16:51:01Z,2025-09-25T00:00:00Z,Graduate,3,NA,NA,2,NA,NA,NA,NA,NA,NA,5,Yes
2025-09-25T17:21:46Z,2025-09-25T00:00:00Z,Undergraduate,1,NA,NA,NA,NA,NA,NA,NA,NA,NA,5,No
2025-09-25T17:21:52Z,2025-09-25T00:00:00Z,Undergraduate,2,NA,NA,NA,NA,NA,1,NA,NA,NA,5,No
2025-09-25T17:23:03Z,2025-09-25T00:00:00Z,Undergraduate,3,NA,NA,1,NA,NA,NA,NA,NA,NA,5,No
2025-09-25T17:24:07Z,2025-09-25T00:00:00Z,Undergraduate,1,NA,NA,NA,NA,1,NA,NA,NA,NA,4,No
2025-09-25T17:55:51Z,2025-09-25T00:00:00Z,Undergraduate,NA,NA,NA,NA,NA,NA,NA,1,NA,NA,5,No
2025-09-25T17:57:05Z,2025-09-25T00:00:00Z,Undergraduate,3,NA,NA,NA,NA,NA,1,NA,NA,NA,5,No
2025-09-25T18:34:10Z,2025-09-25T00:00:00Z,Undergraduate,NA,NA,5,NA,NA,NA,NA,NA,NA,NA,5,No
2025-09-25T18:35:25Z,2025-09-25T00:00:00Z,Undergraduate,2,NA,NA,NA,NA,NA,NA,NA,NA,NA,5,No
2025-09-25T18:36:41Z,2025-09-25T00:00:00Z,Undergraduate,2,NA,NA,NA,NA,NA,NA,NA,NA,NA,5,No
2025-09-25T18:41:11Z,2025-09-25T00:00:00Z,Undergraduate,1,NA,2,NA,NA,1,1,NA,NA,NA,5,No
2025-09-25T18:42:50Z,2025-09-25T00:00:00Z,Undergraduate,NA,NA,NA,NA,NA,NA,1,NA,NA,NA,5,No
2025-09-26T10:30:30Z,2025-09-26T00:00:00Z,Undergraduate,2,NA,NA,NA,1,NA,NA,NA,NA,NA,5,No
2025-09-26T10:31:59Z,2025-09-26T00:00:00Z,Undergraduate,NA,NA,NA,NA,NA,NA,1,NA,NA,NA,5,No
2025-09-26T10:50:09Z,2025-09-26T00:00:00Z,Undergraduate,1,NA,NA,NA,NA,1,1,NA,NA,NA,5,Yes
2025-09-26T10:52:35Z,2025-09-26T00:00:00Z,Undergraduate,1,NA,NA,NA,1,NA,NA,1,NA,1,5,No
2025-09-26T11:20:50Z,2025-09-26T00:00:00Z,Undergraduate,NA,1,NA,NA,NA,NA,NA,NA,NA,NA,5,No
2025-09-26T11:22:01Z,2025-09-26T00:00:00Z,Undergraduate,NA,NA,NA,NA,NA,NA,2,NA,NA,NA,5,No
2025-09-26T11:23:34Z,2025-09-26T00:00:00Z,Undergraduate,NA,3,NA,NA,NA,NA,NA,1,NA,NA,5,No
2025-09-26T11:51:41Z,2025-09-26T00:00:00Z,Graduate,6,NA,NA,2,NA,NA,1,NA,1,NA,5,Yes
2025-09-26T11:53:27Z,2025-09-26T00:00:00Z,Undergraduate,NA,NA,1,3,NA,NA,NA,NA,NA,NA,5,Yes
2025-09-26T12:16:07Z,2025-09-26T00:00:00Z,Graduate,NA,2,NA,2,NA,NA,NA,NA,NA,NA,5,Yes
2025-09-26T12:26:41Z,2025-09-26T00:00:00Z,Undergraduate,NA,NA,NA,NA,NA,2,NA,NA,NA,NA,3,No
2025-09-26T12:31:42Z,2025-09-26T00:00:00Z,Undergraduate,1,NA,NA,NA,NA,NA,NA,NA,NA,NA,5,No
2025-09-26T12:34:15Z,2025-09-26T00:00:00Z,Undergraduate,2,NA,NA,1,NA,NA,NA,NA,NA,NA,5,No
2025-09-26T12:45:28Z,2025-09-26T00:00:00Z,Undergraduate,2,NA,NA,1,NA,NA,NA,NA,NA,2,5,No
2025-09-26T12:46:25Z,2025-09-26T00:00:00Z,Undergraduate,NA,NA,NA,NA,1,1,NA,NA,1,NA,5,No
2025-09-26T13:00:03Z,2025-09-26T00:00:00Z,Undergraduate,NA,NA,NA,3,NA,NA,NA,1,NA,NA,5,No
2025-09-26T13:15:23Z,2025-09-26T00:00:00Z,Undergraduate,1,NA,NA,NA,NA,NA,NA,NA,NA,NA,5,No
2025-09-26T13:16:17Z,2025-09-26T00:00:00Z,Undergraduate,1,NA,NA,NA,NA,NA,NA,NA,NA,NA,5,No
2025-09-26T13:31:30Z,2025-09-26T00:00:00Z,Undergraduate,NA,NA,NA,1,NA,NA,NA,NA,NA,NA,5,No
2025-09-26T13:34:35Z,2025-09-26T00:00:00Z,Undergraduate,NA,NA,2,NA,NA,NA,NA,NA,NA,1,5,No
2025-09-26T13:52:09Z,2025-09-26T00:00:00Z,Undergraduate,3,NA,NA,2,NA,NA,NA,NA,NA,NA,5,No
2025-09-26T14:07:27Z,2025-09-26T00:00:00Z,Undergraduate,2,NA,NA,1,NA,NA,1,NA,NA,NA,5,No
2025-09-26T14:20:45Z,2025-09-26T00:00:00Z,Undergraduate,1,NA,NA,NA,1,NA,NA,NA,NA,NA,5,Donated at blue bin
2025-09-26T14:32:58Z,2025-09-26T00:00:00Z,Undergraduate,1,NA,NA,1,NA,1,NA,NA,NA,NA,5,Yes
2025-09-26T14:39:44Z,2025-09-26T00:00:00Z,Undergraduate,NA,1,NA,NA,NA,NA,NA,NA,NA,NA,5,Donated at blue bin
2025-09-26T15:07:51Z,2025-09-26T00:00:00Z,Undergraduate,1,NA,2,NA,NA,NA,NA,NA,NA,NA,5,No
2025-09-26T15:49:14Z,2025-09-26T00:00:00Z,Undergraduate,NA,NA,NA,1,NA,NA,NA,NA,NA,NA,5,Donated at blue bin
2025-10-02T16:01:15Z,2025-10-02T00:00:00Z,Undergraduate,2,NA,1,NA,1,NA,NA,NA,NA,NA,5,No
2025-10-02T16:11:54Z,2025-10-02T00:00:00Z,Undergraduate,1,NA,NA,NA,1,2,1,NA,NA,NA,5,No
2025-10-02T16:13:49Z,2025-10-02T00:00:00Z,Undergraduate,2,NA,NA,NA,NA,NA,NA,NA,NA,NA,5,No
2025-10-02T16:27:31Z,2025-10-02T00:00:00Z,Undergraduate,NA,NA,1,NA,NA,NA,NA,NA,NA,NA,4,Yes
2025-10-02T16:28:09Z,2025-10-02T00:00:00Z,Undergraduate,NA,NA,NA,NA,NA,NA,1,NA,NA,NA,5,Yes
2025-10-02T17:05:00Z,2025-10-02T00:00:00Z,Undergraduate,1,NA,NA,NA,NA,NA,NA,NA,NA,NA,5,No
2025-10-02T17:09:50Z,2025-10-02T00:00:00Z,Undergraduate,2,NA,NA,1,NA,NA,NA,2,NA,NA,5,Yes
2025-10-02T17:49:28Z,2025-10-02T00:00:00Z,Undergraduate,NA,1,NA,NA,NA,NA,NA,NA,NA,2,5,No
2025-10-02T17:59:41Z,2025-10-02T00:00:00Z,Undergraduate,3,NA,1,NA,NA,NA,NA,NA,NA,NA,5,No
2025-10-02T18:58:33Z,2025-10-02T00:00:00Z,Undergraduate,1,NA,NA,1,NA,NA,NA,NA,1,1,5,No
2025-10-02T19:00:52Z,2025-10-02T00:00:00Z,Undergraduate,NA,NA,3,1,1,NA,NA,NA,NA,NA,5,No
2025-10-02T19:00:56Z,2025-10-02T00:00:00Z,Undergraduate,6,NA,NA,1,NA,NA,NA,NA,NA,1,5,Yes
2025-10-03T10:16:51Z,2025-10-03T00:00:00Z,Undergraduate,1,NA,NA,NA,NA,1,NA,NA,NA,NA,5,No
